run_id,mutation_scalar,use_ecm,valley_reaper,seed,generations_run,final_peaks_colonized,time_to_blanket,per_peak_convergence,colonization_source,occupancy_distribution
s0.25_ecm0_top_fitness_00,0.25,0,top_fitness,584495087,500,0,,{},{},"{""2"": 10, ""4"": 10, ""0"": 10, ""3"": 10, ""1"": 10}"
s0.25_ecm0_random_00,0.25,0,random,3969392277,500,0,,{},{},"{""2"": 10, ""4"": 10, ""0"": 10, ""3"": 10, ""1"": 10}"
s0.5_ecm0_top_fitness_00,0.5,0,top_fitness,3851317497,500,1,,"{""2"": 176}","{""2"": ""valley""}","{""2"": 10, ""4"": 10, ""0"": 10, ""3"": 10, ""1"": 10}"
s0.5_ecm0_random_00,0.5,0,random,3826283493,500,1,,"{""3"": 436}","{""3"": ""valley""}","{""2"": 10, ""4"": 10, ""0"": 10, ""3"": 10, ""1"": 10}"
s0.25_ecm1_top_fitness_00,0.25,1,top_fitness,3591565453,500,2,,"{""2"": 156, ""1"": 441}","{""2"": ""valley"", ""1"": ""valley""}","{""2"": 10, ""4"": 10, ""0"": 10, ""3"": 10, ""1"": 10}"
s1.0_ecm0_top_fitness_00,1.0,0,top_fitness,4256195642,500,0,,{},{},"{""4"": 10, ""0"": 10, ""3"": 10, ""2"": 10, ""1"": 10}"
s1.0_ecm0_random_00,1.0,0,random,203603782,500,0,,{},{},"{""2"": 10, ""0"": 10, ""4"": 10, ""1"": 10, ""3"": 10}"
s0.5_ecm1_top_fitness_00,0.5,1,top_fitness,749261162,500,1,,"{""2"": 201}","{""2"": ""valley""}","{""2"": 10, ""4"": 10, ""0"": 10, ""3"": 10, ""1"": 10}"
s0.25_ecm1_random_00,0.25,1,random,2420825926,500,0,,{},{},"{""2"": 10, ""4"": 10, ""0"": 10, ""1"": 10, ""3"": 10}"
s1.5_ecm0_top_fitness_00,1.5,0,top_fitness,1208563664,500,0,,{},{},"{""2"": 10, ""0"": 10, ""4"": 10, ""3"": 10, ""1"": 10}"
s1.5_ecm0_random_00,1.5,0,random,3529480542,500,0,,{},{},"{""2"": 10, ""4"": 10, ""3"": 10, ""0"": 10, ""1"": 10}"
s0.25_ecm0_top_fitness_01,0.25,0,top_fitness,101818272,500,0,,{},{},"{""2"": 10, ""4"": 10, ""0"": 10, ""1"": 10, ""3"": 10}"
s0.25_ecm1_top_fitness_01,0.25,1,top_fitness,4159935156,500,2,,"{""2"": 148, ""1"": 463}","{""2"": ""valley"", ""1"": ""valley""}","{""2"": 10, ""4"": 10, ""0"": 10, ""3"": 10, ""1"": 10}"
s0.25_ecm0_random_01,0.25,0,random,3238721419,500,0,,{},{},"{""2"": 10, ""4"": 10, ""0"": 10, ""3"": 10, ""1"": 10}"
s1.0_ecm1_top_fitness_00,1.0,1,top_fitness,733281489,500,1,,"{""1"": 138}","{""1"": ""valley""}","{""2"": 10, ""1"": 10, ""3"": 10, ""0"": 10, ""4"": 10}"
s0.25_ecm1_random_01,0.25,1,random,1681399867,500,0,,{},{},"{""2"": 10, ""4"": 10, ""0"": 10, ""1"": 10, ""3"": 10}"
s0.5_ecm1_random_00,0.5,1,random,4159448851,500,2,,"{""1"": 287, ""2"": 428}","{""1"": ""valley"", ""2"": ""valley""}","{""2"": 10, ""4"": 10, ""0"": 10, ""1"": 10, ""3"": 10}"
s0.5_ecm1_top_fitness_01,0.5,1,top_fitness,162654585,500,2,,"{""2"": 190, ""1"": 466}","{""2"": ""valley"", ""1"": ""valley""}","{""2"": 10, ""1"": 10, ""4"": 10, ""3"": 10, ""0"": 10}"
s0.5_ecm0_top_fitness_01,0.5,0,top_fitness,3369977276,500,1,,"{""2"": 175}","{""2"": ""valley""}","{""2"": 10, ""4"": 10, ""0"": 10, ""1"": 10, ""3"": 10}"
s0.5_ecm0_random_01,0.5,0,random,1499363658,500,1,,"{""2"": 207}","{""2"": ""valley""}","{""2"": 10, ""0"": 10, ""4"": 10, ""1"": 10, ""3"": 10}"
s1.0_ecm0_top_fitness_01,1.0,0,top_fitness,1472049452,500,1,,"{""2"": 264}","{""2"": ""valley""}","{""2"": 10, ""4"": 10, ""0"": 10, ""3"": 10, ""1"": 10}"
s1.0_ecm0_random_01,1.0,0,random,3854023837,500,0,,{},{},"{""2"": 10, ""0"": 10, ""4"": 10, ""1"": 10, ""3"": 10}"
s1.5_ecm1_top_fitness_00,1.5,1,top_fitness,2933065388,500,1,,"{""1"": 293}","{""1"": ""valley""}","{""2"": 10, ""4"": 10, ""0"": 10, ""3"": 10, ""1"": 10}"
s0.5_ecm1_random_01,0.5,1,random,1785652720,500,0,,{},{},"{""2"": 10, ""4"": 10, ""0"": 10, ""1"": 10, ""3"": 10}"
s1.0_ecm1_top_fitness_01,1.0,1,top_fitness,3738164035,500,2,,"{""2"": 250, ""1"": 443}","{""2"": ""valley"", ""1"": ""valley""}","{""2"": 10, ""4"": 10, ""0"": 10, ""1"": 10, ""3"": 10}"
s1.5_ecm0_top_fitness_01,1.5,0,top_fitness,3549527269,500,0,,{},{},"{""2"": 10, ""0"": 10, ""3"": 10, ""4"": 10, ""1"": 10}"
s1.5_ecm0_random_01,1.5,0,random,450999179,500,0,,{},{},"{""2"": 10, ""4"": 10, ""0"": 10, ""3"": 10, ""1"": 10}"
s0.25_ecm1_top_fitness_02,0.25,1,top_fitness,835430032,500,0,,{},{},"{""2"": 10, ""4"": 10, ""0"": 10, ""3"": 10, ""1"": 10}"
s0.25_ecm0_top_fitness_02,0.25,0,top_fitness,917737772,500,1,,"{""2"": 151}","{""2"": ""valley""}","{""2"": 10, ""0"": 10, ""4"": 10, ""3"": 10, ""1"": 10}"
s0.25_ecm0_random_02,0.25,0,random,649023305,500,0,,{},{},"{""2"": 10, ""4"": 10, ""0"": 10, ""3"": 10, ""1"": 10}"
s1.0_ecm1_random_00,1.0,1,random,490424343,500,2,,"{""2"": 430, ""1"": 495}","{""2"": ""valley"", ""1"": ""valley""}","{""0"": 10, ""4"": 10, ""2"": 10, ""1"": 10, ""3"": 10}"
s0.25_ecm1_random_02,0.25,1,random,3493449268,500,0,,{},{},"{""2"": 10, ""4"": 10, ""0"": 10, ""3"": 10, ""1"": 10}"
s0.5_ecm1_top_fitness_02,0.5,1,top_fitness,2002127053,500,0,,{},{},"{""2"": 10, ""4"": 10, ""0"": 10, ""1"": 10, ""3"": 10}"
s0.5_ecm0_top_fitness_02,0.5,0,top_fitness,1574778014,500,0,,{},{},"{""2"": 10, ""4"": 10, ""0"": 10, ""1"": 10, ""3"": 10}"
s0.5_ecm0_random_02,0.5,0,random,1870228522,500,0,,{},{},"{""2"": 10, ""4"": 10, ""0"": 10, ""1"": 10, ""3"": 10}"
s1.5_ecm1_top_fitness_01,1.5,1,top_fitness,3818730872,500,0,,{},{},"{""2"": 10, ""4"": 10, ""0"": 10, ""3"": 10, ""1"": 10}"
s1.0_ecm0_top_fitness_02,1.0,0,top_fitness,2041807518,500,1,,"{""2"": 255}","{""2"": ""valley""}","{""2"": 10, ""0"": 10, ""4"": 10, ""1"": 10, ""3"": 10}"
s1.0_ecm0_random_02,1.0,0,random,3877277363,500,0,,{},{},"{""0"": 10, ""4"": 10, ""3"": 10, ""2"": 10, ""1"": 10}"
s0.5_ecm1_random_02,0.5,1,random,1174589121,500,2,,"{""1"": 410, ""2"": 491}","{""1"": ""valley"", ""2"": ""valley""}","{""2"": 10, ""4"": 10, ""0"": 10, ""3"": 10, ""1"": 10}"
s1.5_ecm0_top_fitness_02,1.5,0,top_fitness,1457954092,500,0,,{},{},"{""2"": 10, ""0"": 10, ""4"": 10, ""1"": 10, ""3"": 10}"
s1.0_ecm1_top_fitness_02,1.0,1,top_fitness,863628707,500,1,,"{""1"": 124}","{""1"": ""valley""}","{""2"": 10, ""0"": 10, ""4"": 10, ""3"": 10, ""1"": 10}"
s1.5_ecm1_random_00,1.5,1,random,2090092863,500,0,,{},{},"{""2"": 10, ""1"": 10, ""0"": 10, ""4"": 10, ""3"": 10}"
s1.5_ecm0_random_02,1.5,0,random,1213173760,500,0,,{},{},"{""2"": 10, ""0"": 10, ""4"": 10, ""3"": 10, ""1"": 10}"
s1.0_ecm1_random_01,1.0,1,random,3075996831,500,1,,"{""1"": 172}","{""1"": ""valley""}","{""2"": 10, ""1"": 10, ""3"": 10, ""0"": 10, ""4"": 10}"
s0.25_ecm1_top_fitness_03,0.25,1,top_fitness,233755832,500,1,,"{""2"": 341}","{""2"": ""valley""}","{""2"": 10, ""4"": 10, ""0"": 10, ""3"": 10, ""1"": 10}"
s0.25_ecm0_top_fitness_03,0.25,0,top_fitness,1211109482,500,1,,"{""2"": 193}","{""2"": ""valley""}","{""2"": 10, ""4"": 10, ""0"": 10, ""3"": 10, ""1"": 10}"
s0.25_ecm0_random_03,0.25,0,random,2805380827,500,0,,{},{},"{""2"": 10, ""4"": 10, ""0"": 10, ""3"": 10, ""1"": 10}"
s0.5_ecm0_top_fitness_03,0.5,0,top_fitness,4088248260,500,1,,"{""2"": 146}","{""2"": ""valley""}","{""2"": 10, ""4"": 10, ""0"": 10, ""3"": 10, ""1"": 10}"
s0.5_ecm1_top_fitness_03,0.5,1,top_fitness,3809168667,500,0,,{},{},"{""2"": 10, ""4"": 10, ""0"": 10, ""3"": 10, ""1"": 10}"
s0.25_ecm1_random_03,0.25,1,random,4056521758,500,0,,{},{},"{""2"": 10, ""4"": 10, ""0"": 10, ""3"": 10, ""1"": 10}"
s0.5_ecm0_random_03,0.5,0,random,3069506598,500,2,,"{""3"": 486, ""4"": 488}","{""3"": ""valley"", ""4"": ""valley""}","{""2"": 10, ""4"": 10, ""0"": 10, ""1"": 10, ""3"": 10}"
s1.0_ecm0_top_fitness_03,1.0,0,top_fitness,2644302505,500,1,,"{""2"": 238}","{""2"": ""valley""}","{""2"": 10, ""0"": 10, ""4"": 10, ""3"": 10, ""1"": 10}"
s1.5_ecm1_top_fitness_02,1.5,1,top_fitness,206409447,500,0,,{},{},"{""2"": 10, ""4"": 10, ""0"": 10, ""1"": 10, ""3"": 10}"
s1.0_ecm0_random_03,1.0,0,random,2604738009,500,0,,{},{},"{""2"": 10, ""4"": 10, ""0"": 10, ""1"": 10, ""3"": 10}"
s0.5_ecm1_random_03,0.5,1,random,2564102399,500,0,,{},{},"{""2"": 10, ""4"": 10, ""0"": 10, ""1"": 10, ""3"": 10}"
s1.5_ecm0_top_fitness_03,1.5,0,top_fitness,332138190,500,0,,{},{},"{""2"": 10, ""4"": 10, ""1"": 10, ""0"": 10, ""3"": 10}"
s1.5_ecm1_random_01,1.5,1,random,3364790632,500,1,,"{""1"": 392}","{""1"": ""valley""}","{""2"": 10, ""4"": 10, ""0"": 10, ""1"": 10, ""3"": 10}"
s1.0_ecm1_random_02,1.0,1,random,3863822471,500,1,,"{""1"": 297}","{""1"": ""valley""}","{""2"": 10, ""0"": 10, ""4"": 10, ""1"": 10, ""3"": 10}"
s1.5_ecm0_random_03,1.5,0,random,4032272286,500,0,,{},{},"{""2"": 10, ""4"": 10, ""0"": 10, ""1"": 10, ""3"": 10}"
s1.0_ecm1_top_fitness_03,1.0,1,top_fitness,340235807,500,1,,"{""1"": 159}","{""1"": ""valley""}","{""2"": 10, ""1"": 10, ""3"": 10, ""0"": 10, ""4"": 10}"
s0.25_ecm0_top_fitness_04,0.25,0,top_fitness,984971579,500,1,,"{""2"": 196}","{""2"": ""valley""}","{""2"": 10, ""4"": 10, ""0"": 10, ""1"": 10, ""3"": 10}"
s0.25_ecm0_random_04,0.25,0,random,3651742644,500,0,,{},{},"{""2"": 10, ""4"": 10, ""0"": 10, ""1"": 10, ""3"": 10}"
s0.25_ecm1_top_fitness_04,0.25,1,top_fitness,2791076815,500,1,,"{""2"": 176}","{""2"": ""valley""}","{""2"": 10, ""4"": 10, ""0"": 10, ""3"": 10, ""1"": 10}"
s0.5_ecm0_top_fitness_04,0.5,0,top_fitness,3061068091,500,0,,{},{},"{""2"": 10, ""4"": 10, ""3"": 10, ""0"": 10, ""1"": 10}"
s0.25_ecm1_random_04,0.25,1,random,3404970721,500,1,,"{""2"": 426}","{""2"": ""valley""}","{""2"": 10, ""4"": 10, ""0"": 10, ""3"": 10, ""1"": 10}"
s0.5_ecm0_random_04,0.5,0,random,1859613048,500,0,,{},{},"{""2"": 10, ""4"": 10, ""0"": 10, ""3"": 10, ""1"": 10}"
s0.5_ecm1_top_fitness_04,0.5,1,top_fitness,2906616948,500,1,,"{""3"": 242}","{""3"": ""valley""}","{""2"": 10, ""4"": 10, ""0"": 10, ""3"": 10, ""1"": 10}"
s1.0_ecm0_top_fitness_04,1.0,0,top_fitness,2709473617,500,1,,"{""2"": 214}","{""2"": ""valley""}","{""2"": 10, ""4"": 10, ""0"": 10, ""1"": 10, ""3"": 10}"
s1.5_ecm1_top_fitness_03,1.5,1,top_fitness,206300930,500,1,,"{""1"": 141}","{""1"": ""valley""}","{""2"": 10, ""4"": 10, ""0"": 10, ""3"": 10, ""1"": 10}"
s1.0_ecm0_random_04,1.0,0,random,3605269287,500,0,,{},{},"{""2"": 10, ""4"": 10, ""3"": 10, ""0"": 10, ""1"": 10}"
s1.0_ecm1_top_fitness_04,1.0,1,top_fitness,4170327692,500,1,,"{""2"": 234}","{""2"": ""valley""}","{""1"": 10, ""3"": 10, ""4"": 10, ""2"": 10, ""0"": 10}"
s0.5_ecm1_random_04,0.5,1,random,3594470258,500,1,,"{""2"": 365}","{""2"": ""valley""}","{""2"": 10, ""4"": 10, ""0"": 10, ""1"": 10, ""3"": 10}"
s1.5_ecm0_top_fitness_04,1.5,0,top_fitness,4108050226,500,1,,"{""1"": 342}","{""1"": ""valley""}","{""2"": 10, ""0"": 10, ""1"": 10, ""4"": 10, ""3"": 10}"
s1.0_ecm1_random_03,1.0,1,random,3674196982,500,2,,"{""1"": 173, ""3"": 371}","{""1"": ""valley"", ""3"": ""valley""}","{""2"": 10, ""4"": 10, ""1"": 10, ""3"": 10, ""0"": 10}"
s1.5_ecm0_random_04,1.5,0,random,4066981671,500,0,,{},{},"{""2"": 10, ""4"": 10, ""1"": 10, ""0"": 10, ""3"": 10}"
s1.5_ecm1_random_02,1.5,1,random,2870146736,500,1,,"{""1"": 483}","{""1"": ""valley""}","{""2"": 10, ""0"": 10, ""4"": 10, ""3"": 10, ""1"": 10}"
s0.25_ecm1_top_fitness_05,0.25,1,top_fitness,3461429681,500,1,,"{""2"": 166}","{""2"": ""valley""}","{""2"": 10, ""0"": 10, ""4"": 10, ""3"": 10, ""1"": 10}"
s0.25_ecm0_top_fitness_05,0.25,0,top_fitness,2315984987,500,1,,"{""2"": 334}","{""2"": ""valley""}","{""2"": 10, ""4"": 10, ""0"": 10, ""3"": 10, ""1"": 10}"
s0.25_ecm0_random_05,0.25,0,random,1573747794,500,0,,{},{},"{""2"": 10, ""4"": 10, ""0"": 10, ""3"": 10, ""1"": 10}"
s0.5_ecm0_top_fitness_05,0.5,0,top_fitness,2999799091,500,1,,"{""2"": 145}","{""2"": ""valley""}","{""0"": 10, ""2"": 10, ""4"": 10, ""3"": 10, ""1"": 10}"
s0.5_ecm1_top_fitness_05,0.5,1,top_fitness,3552256543,500,2,,"{""2"": 172, ""1"": 494}","{""2"": ""valley"", ""1"": ""valley""}","{""2"": 10, ""4"": 10, ""0"": 10, ""1"": 10, ""3"": 10}"
s0.25_ecm1_random_05,0.25,1,random,2942440210,500,1,,"{""1"": 326}","{""1"": ""valley""}","{""2"": 10, ""4"": 10, ""0"": 10, ""3"": 10, ""1"": 10}"
s0.5_ecm0_random_05,0.5,0,random,1855314955,500,0,,{},{},"{""2"": 10, ""4"": 10, ""0"": 10, ""1"": 10, ""3"": 10}"
s1.0_ecm0_top_fitness_05,1.0,0,top_fitness,1052987444,500,0,,{},{},"{""2"": 10, ""4"": 10, ""3"": 10, ""1"": 10, ""0"": 10}"
s1.5_ecm1_top_fitness_04,1.5,1,top_fitness,824483939,500,0,,{},{},"{""2"": 10, ""0"": 10, ""4"": 10, ""3"": 10, ""1"": 10}"
s1.0_ecm0_random_05,1.0,0,random,966854577,500,0,,{},{},"{""2"": 10, ""4"": 10, ""0"": 10, ""1"": 10, ""3"": 10}"
s0.5_ecm1_random_05,0.5,1,random,1560928433,500,1,,"{""1"": 349}","{""1"": ""valley""}","{""0"": 10, ""4"": 10, ""2"": 10, ""3"": 10, ""1"": 10}"
s1.0_ecm1_top_fitness_05,1.0,1,top_fitness,4139803800,500,1,,"{""1"": 187}","{""1"": ""valley""}","{""2"": 10, ""3"": 10, ""1"": 10, ""0"": 10, ""4"": 10}"
s1.5_ecm0_top_fitness_05,1.5,0,top_fitness,263517096,500,0,,{},{},"{""0"": 10, ""2"": 10, ""4"": 10, ""3"": 10, ""1"": 10}"
s1.5_ecm0_random_05,1.5,0,random,3717997,500,0,,{},{},"{""2"": 10, ""1"": 10, ""3"": 10, ""4"": 10, ""0"": 10}"
s1.0_ecm1_random_04,1.0,1,random,3461646858,500,1,,"{""0"": 498}","{""0"": ""valley""}","{""2"": 10, ""4"": 10, ""0"": 10, ""1"": 10, ""3"": 10}"
s0.25_ecm0_top_fitness_06,0.25,0,top_fitness,381852501,500,0,,{},{},"{""2"": 10, ""4"": 10, ""0"": 10, ""3"": 10, ""1"": 10}"
s0.25_ecm1_top_fitness_06,0.25,1,top_fitness,258011579,500,2,,"{""2"": 135, ""1"": 298}","{""2"": ""valley"", ""1"": ""valley""}","{""2"": 10, ""4"": 10, ""0"": 10, ""1"": 10, ""3"": 10}"
s0.25_ecm0_random_06,0.25,0,random,1247886571,500,0,,{},{},"{""2"": 10, ""4"": 10, ""0"": 10, ""1"": 10, ""3"": 10}"
s0.25_ecm1_random_06,0.25,1,random,810815585,500,1,,"{""1"": 209}","{""1"": ""valley""}","{""2"": 10, ""4"": 10, ""3"": 10, ""1"": 10, ""0"": 10}"
s0.5_ecm1_top_fitness_06,0.5,1,top_fitness,816431152,500,1,,"{""2"": 177}","{""2"": ""valley""}","{""2"": 10, ""4"": 10, ""0"": 10, ""3"": 10, ""1"": 10}"
s1.5_ecm1_top_fitness_05,1.5,1,top_fitness,3368007690,500,1,,"{""1"": 194}","{""1"": ""valley""}","{""2"": 10, ""0"": 10, ""4"": 10, ""1"": 10, ""3"": 10}"
s0.5_ecm0_top_fitness_06,0.5,0,top_fitness,2624659306,500,0,,{},{},"{""2"": 10, ""1"": 10, ""3"": 10, ""0"": 10, ""4"": 10}"
s1.5_ecm1_random_03,1.5,1,random,1642647283,500,0,,{},{},"{""2"": 10, ""0"": 10, ""4"": 10, ""1"": 10, ""3"": 10}"
s0.5_ecm0_random_06,0.5,0,random,3814317751,500,0,,{},{},"{""2"": 10, ""4"": 10, ""0"": 10, ""3"": 10, ""1"": 10}"
s1.0_ecm0_top_fitness_06,1.0,0,top_fitness,920000479,500,1,,"{""2"": 311}","{""2"": ""valley""}","{""2"": 10, ""0"": 10, ""4"": 10, ""1"": 10, ""3"": 10}"
s1.0_ecm0_random_06,1.0,0,random,2173462251,500,1,,"{""3"": 436}","{""3"": ""valley""}","{""2"": 10, ""4"": 10, ""0"": 10, ""3"": 10, ""1"": 10}"
s1.5_ecm1_random_04,1.5,1,random,4162626006,500,1,,"{""1"": 356}","{""1"": ""valley""}","{""2"": 10, ""4"": 10, ""0"": 10, ""3"": 10, ""1"": 10}"
s1.0_ecm1_random_05,1.0,1,random,4247576930,500,1,,"{""1"": 362}","{""1"": ""valley""}","{""2"": 10, ""4"": 10, ""0"": 10, ""1"": 10, ""3"": 10}"
s1.5_ecm0_top_fitness_06,1.5,0,top_fitness,2332422351,500,0,,{},{},"{""2"": 10, ""0"": 10, ""4"": 10, ""1"": 10, ""3"": 10}"
s0.5_ecm1_random_06,0.5,1,random,2994567094,500,1,,"{""1"": 291}","{""1"": ""valley""}","{""2"": 10, ""4"": 10, ""0"": 10, ""3"": 10, ""1"": 10}"
s1.0_ecm1_top_fitness_06,1.0,1,top_fitness,1309390924,500,1,,"{""1"": 373}","{""1"": ""valley""}","{""2"": 10, ""4"": 10, ""0"": 10, ""3"": 10, ""1"": 10}"
s1.5_ecm0_random_06,1.5,0,random,4260946496,500,0,,{},{},"{""0"": 10, ""2"": 10, ""1"": 10, ""3"": 10, ""4"": 10}"
s0.25_ecm0_top_fitness_07,0.25,0,top_fitness,3711204948,500,0,,{},{},"{""2"": 10, ""4"": 10, ""0"": 10, ""1"": 10, ""3"": 10}"
s0.25_ecm1_top_fitness_07,0.25,1,top_fitness,998058347,500,1,,"{""2"": 149}","{""2"": ""valley""}","{""2"": 10, ""1"": 10, ""3"": 10, ""0"": 10, ""4"": 10}"
s0.25_ecm0_random_07,0.25,0,random,3793216940,500,0,,{},{},"{""2"": 10, ""4"": 10, ""0"": 10, ""3"": 10, ""1"": 10}"
s0.5_ecm0_top_fitness_07,0.5,0,top_fitness,1714780525,500,1,,"{""2"": 133}","{""2"": ""valley""}","{""2"": 10, ""4"": 10, ""0"": 10, ""1"": 10, ""3"": 10}"
s0.25_ecm1_random_07,0.25,1,random,1232147938,500,1,,"{""1"": 264}","{""1"": ""valley""}","{""2"": 10, ""4"": 10, ""0"": 10, ""1"": 10, ""3"": 10}"
s0.5_ecm0_random_07,0.5,0,random,1695236830,500,0,,{},{},"{""2"": 10, ""4"": 10, ""0"": 10, ""3"": 10, ""1"": 10}"
s0.5_ecm1_top_fitness_07,0.5,1,top_fitness,3888665265,500,0,,{},{},"{""2"": 10, ""4"": 10, ""0"": 10, ""3"": 10, ""1"": 10}"
s1.0_ecm0_top_fitness_07,1.0,0,top_fitness,2772242725,500,0,,{},{},"{""2"": 10, ""4"": 10, ""0"": 10, ""3"": 10, ""1"": 10}"
s1.5_ecm1_top_fitness_06,1.5,1,top_fitness,1451614726,500,1,,"{""1"": 195}","{""1"": ""valley""}","{""2"": 10, ""0"": 10, ""4"": 10, ""3"": 10, ""1"": 10}"
s1.0_ecm0_random_07,1.0,0,random,3202608913,500,0,,{},{},"{""2"": 10, ""4"": 10, ""0"": 10, ""3"": 10, ""1"": 10}"
s1.5_ecm1_random_05,1.5,1,random,160866307,500,0,,{},{},"{""0"": 10, ""4"": 10, ""2"": 10, ""1"": 10, ""3"": 10}"
s0.5_ecm1_random_07,0.5,1,random,307137807,500,1,,"{""1"": 242}","{""1"": ""valley""}","{""2"": 10, ""4"": 10, ""0"": 10, ""3"": 10, ""1"": 10}"
s1.5_ecm0_top_fitness_07,1.5,0,top_fitness,668655537,500,0,,{},{},"{""2"": 10, ""1"": 10, ""3"": 10, ""0"": 10, ""4"": 10}"
s1.0_ecm1_top_fitness_07,1.0,1,top_fitness,152768713,500,0,,{},{},"{""2"": 10, ""3"": 10, ""1"": 10, ""4"": 10, ""0"": 10}"
s1.5_ecm0_random_07,1.5,0,random,3430844290,500,0,,{},{},"{""2"": 10, ""4"": 10, ""1"": 10, ""3"": 10, ""0"": 10}"
s0.25_ecm1_top_fitness_08,0.25,1,top_fitness,2034578166,500,1,,"{""1"": 396}","{""1"": ""valley""}","{""2"": 10, ""4"": 10, ""0"": 10, ""3"": 10, ""1"": 10}"
s0.25_ecm0_top_fitness_08,0.25,0,top_fitness,475462799,500,2,,"{""2"": 185, ""4"": 471}","{""2"": ""valley"", ""4"": ""valley""}","{""2"": 10, ""4"": 10, ""3"": 10, ""0"": 10, ""1"": 10}"
s1.0_ecm1_random_06,1.0,1,random,2446333130,500,1,,"{""1"": 352}","{""1"": ""valley""}","{""2"": 10, ""4"": 10, ""0"": 10, ""1"": 10, ""3"": 10}"
s0.25_ecm0_random_08,0.25,0,random,3756167884,500,0,,{},{},"{""2"": 10, ""4"": 10, ""0"": 10, ""3"": 10, ""1"": 10}"
s0.5_ecm0_top_fitness_08,0.5,0,top_fitness,2706896338,500,1,,"{""4"": 458}","{""4"": ""valley""}","{""2"": 10, ""4"": 10, ""0"": 10, ""1"": 10, ""3"": 10}"
s0.25_ecm1_random_08,0.25,1,random,2466336992,500,1,,"{""2"": 350}","{""2"": ""valley""}","{""2"": 10, ""4"": 10, ""0"": 10, ""1"": 10, ""3"": 10}"
s0.5_ecm1_top_fitness_08,0.5,1,top_fitness,13380890,500,1,,"{""1"": 438}","{""1"": ""valley""}","{""2"": 10, ""4"": 10, ""0"": 10, ""1"": 10, ""3"": 10}"
s0.5_ecm0_random_08,0.5,0,random,3193318719,500,1,,"{""2"": 351}","{""2"": ""valley""}","{""2"": 10, ""4"": 10, ""0"": 10, ""1"": 10, ""3"": 10}"
s1.0_ecm0_top_fitness_08,1.0,0,top_fitness,166969026,500,1,,"{""2"": 201}","{""2"": ""valley""}","{""2"": 10, ""4"": 10, ""3"": 10, ""0"": 10, ""1"": 10}"
s1.0_ecm0_random_08,1.0,0,random,428614537,500,1,,"{""1"": 364}","{""1"": ""valley""}","{""2"": 10, ""4"": 10, ""0"": 10, ""3"": 10, ""1"": 10}"
s1.5_ecm1_top_fitness_07,1.5,1,top_fitness,2500429550,500,1,,"{""1"": 199}","{""1"": ""valley""}","{""2"": 10, ""0"": 10, ""4"": 10, ""3"": 10, ""1"": 10}"
s1.0_ecm1_top_fitness_08,1.0,1,top_fitness,1201983412,500,1,,"{""1"": 262}","{""1"": ""valley""}","{""2"": 10, ""0"": 10, ""4"": 10, ""3"": 10, ""1"": 10}"
s0.5_ecm1_random_08,0.5,1,random,3200021376,500,2,,"{""2"": 291, ""1"": 456}","{""2"": ""valley"", ""1"": ""valley""}","{""2"": 10, ""4"": 10, ""0"": 10, ""3"": 10, ""1"": 10}"
s1.5_ecm0_top_fitness_08,1.5,0,top_fitness,2637575486,500,0,,{},{},"{""2"": 10, ""3"": 10, ""1"": 10, ""0"": 10, ""4"": 10}"
s1.5_ecm0_random_08,1.5,0,random,4138977839,500,0,,{},{},"{""2"": 10, ""4"": 10, ""1"": 10, ""3"": 10, ""0"": 10}"
s0.25_ecm1_top_fitness_09,0.25,1,top_fitness,3708444093,500,1,,"{""2"": 224}","{""2"": ""valley""}","{""2"": 10, ""4"": 10, ""3"": 10, ""0"": 10, ""1"": 10}"
s1.0_ecm1_random_07,1.0,1,random,216977297,500,2,,"{""1"": 390, ""3"": 455}","{""1"": ""valley"", ""3"": ""valley""}","{""2"": 10, ""0"": 10, ""4"": 10, ""1"": 10, ""3"": 10}"
s0.25_ecm0_top_fitness_09,0.25,0,top_fitness,1671015364,500,0,,{},{},"{""2"": 10, ""4"": 10, ""0"": 10, ""3"": 10, ""1"": 10}"
s0.25_ecm0_random_09,0.25,0,random,434560996,500,0,,{},{},"{""2"": 10, ""4"": 10, ""0"": 10, ""3"": 10, ""1"": 10}"
s0.25_ecm1_random_09,0.25,1,random,1112591838,500,2,,"{""3"": 374, ""2"": 403}","{""3"": ""valley"", ""2"": ""valley""}","{""2"": 10, ""0"": 10, ""4"": 10, ""1"": 10, ""3"": 10}"
s0.5_ecm0_top_fitness_09,0.5,0,top_fitness,3147254676,500,1,,"{""0"": 399}","{""0"": ""valley""}","{""2"": 10, ""4"": 10, ""0"": 10, ""1"": 10, ""3"": 10}"
s0.5_ecm1_top_fitness_09,0.5,1,top_fitness,3910859874,500,0,,{},{},"{""2"": 10, ""4"": 10, ""0"": 10, ""1"": 10, ""3"": 10}"
s1.5_ecm1_top_fitness_08,1.5,1,top_fitness,1617223027,500,1,,"{""2"": 395}","{""2"": ""valley""}","{""2"": 10, ""0"": 10, ""4"": 10, ""3"": 10, ""1"": 10}"
s0.5_ecm0_random_09,0.5,0,random,1617313231,500,0,,{},{},"{""2"": 10, ""4"": 10, ""0"": 10, ""1"": 10, ""3"": 10}"
s1.5_ecm1_random_06,1.5,1,random,1365688606,500,0,,{},{},"{""2"": 10, ""1"": 10, ""4"": 10, ""0"": 10, ""3"": 10}"
s1.0_ecm0_top_fitness_09,1.0,0,top_fitness,2521957832,500,1,,"{""2"": 216}","{""2"": ""valley""}","{""2"": 10, ""0"": 10, ""4"": 10, ""1"": 10, ""3"": 10}"
s1.0_ecm0_random_09,1.0,0,random,509042084,500,0,,{},{},"{""2"": 10, ""0"": 10, ""4"": 10, ""3"": 10, ""1"": 10}"
s1.0_ecm1_top_fitness_09,1.0,1,top_fitness,57448680,500,1,,"{""2"": 220}","{""2"": ""valley""}","{""2"": 10, ""0"": 10, ""4"": 10, ""3"": 10, ""1"": 10}"
s0.5_ecm1_random_09,0.5,1,random,2438896483,500,2,,"{""1"": 347, ""2"": 487}","{""1"": ""valley"", ""2"": ""valley""}","{""2"": 10, ""4"": 10, ""0"": 10, ""3"": 10, ""1"": 10}"
s1.0_ecm1_random_08,1.0,1,random,1856765754,500,0,,{},{},"{""2"": 10, ""3"": 10, ""1"": 10, ""0"": 10, ""4"": 10}"
s1.5_ecm0_top_fitness_09,1.5,0,top_fitness,1752854657,500,0,,{},{},"{""2"": 10, ""4"": 10, ""3"": 10, ""1"": 10, ""0"": 10}"
s1.5_ecm0_random_09,1.5,0,random,2872000847,500,0,,{},{},"{""2"": 10, ""4"": 10, ""0"": 10, ""3"": 10, ""1"": 10}"
s0.25_ecm0_top_fitness_10,0.25,0,top_fitness,689706606,500,0,,{},{},"{""2"": 10, ""4"": 10, ""0"": 10, ""1"": 10, ""3"": 10}"
s0.25_ecm1_top_fitness_10,0.25,1,top_fitness,62469791,500,1,,"{""0"": 465}","{""0"": ""valley""}","{""2"": 10, ""4"": 10, ""0"": 10, ""1"": 10, ""3"": 10}"
s0.25_ecm0_random_10,0.25,0,random,541382773,500,0,,{},{},"{""2"": 10, ""4"": 10, ""0"": 10, ""3"": 10, ""1"": 10}"
s1.5_ecm1_random_07,1.5,1,random,1650457512,500,1,,"{""1"": 320}","{""1"": ""valley""}","{""2"": 10, ""4"": 10, ""0"": 10, ""1"": 10, ""3"": 10}"
s0.5_ecm0_top_fitness_10,0.5,0,top_fitness,1731996307,500,1,,"{""2"": 162}","{""2"": ""valley""}","{""2"": 10, ""4"": 10, ""0"": 10, ""1"": 10, ""3"": 10}"
s0.25_ecm1_random_10,0.25,1,random,1759309956,500,0,,{},{},"{""2"": 10, ""4"": 10, ""0"": 10, ""3"": 10, ""1"": 10}"
s0.5_ecm1_top_fitness_10,0.5,1,top_fitness,802585953,500,2,,"{""2"": 156, ""1"": 343}","{""2"": ""valley"", ""1"": ""valley""}","{""2"": 10, ""4"": 10, ""0"": 10, ""3"": 10, ""1"": 10}"
s0.5_ecm0_random_10,0.5,0,random,4138617946,500,0,,{},{},"{""2"": 10, ""4"": 10, ""0"": 10, ""3"": 10, ""1"": 10}"
s1.0_ecm0_top_fitness_10,1.0,0,top_fitness,2586632501,500,1,,"{""2"": 269}","{""2"": ""valley""}","{""2"": 10, ""0"": 10, ""4"": 10, ""1"": 10, ""3"": 10}"
s1.5_ecm1_top_fitness_09,1.5,1,top_fitness,2829119004,500,1,,"{""1"": 155}","{""1"": ""valley""}","{""2"": 10, ""1"": 10, ""0"": 10, ""4"": 10, ""3"": 10}"
s1.0_ecm0_random_10,1.0,0,random,3048623484,500,0,,{},{},"{""2"": 10, ""4"": 10, ""0"": 10, ""1"": 10, ""3"": 10}"
s0.5_ecm1_random_10,0.5,1,random,1724447057,500,2,,"{""1"": 429, ""2"": 430}","{""1"": ""valley"", ""2"": ""valley""}","{""2"": 10, ""4"": 10, ""0"": 10, ""1"": 10, ""3"": 10}"
s1.0_ecm1_top_fitness_10,1.0,1,top_fitness,2103275492,500,1,,"{""1"": 248}","{""1"": ""valley""}","{""2"": 10, ""4"": 10, ""0"": 10, ""1"": 10, ""3"": 10}"
s1.5_ecm0_top_fitness_10,1.5,0,top_fitness,3988636357,500,0,,{},{},"{""2"": 10, ""4"": 10, ""3"": 10, ""0"": 10, ""1"": 10}"
s1.5_ecm1_random_08,1.5,1,random,2196660147,500,0,,{},{},"{""2"": 10, ""3"": 10, ""4"": 10, ""0"": 10, ""1"": 10}"
s1.5_ecm0_random_10,1.5,0,random,560720111,500,0,,{},{},"{""2"": 10, ""0"": 10, ""4"": 10, ""3"": 10, ""1"": 10}"
s0.25_ecm0_top_fitness_11,0.25,0,top_fitness,3934650864,500,0,,{},{},"{""2"": 10, ""4"": 10, ""0"": 10, ""3"": 10, ""1"": 10}"
s0.25_ecm1_top_fitness_11,0.25,1,top_fitness,2114689979,500,1,,"{""2"": 276}","{""2"": ""valley""}","{""2"": 10, ""4"": 10, ""0"": 10, ""1"": 10, ""3"": 10}"
s0.25_ecm0_random_11,0.25,0,random,1799537308,500,0,,{},{},"{""2"": 10, ""4"": 10, ""0"": 10, ""1"": 10, ""3"": 10}"
s1.0_ecm1_random_09,1.0,1,random,1720462990,500,1,,"{""4"": 476}","{""4"": ""valley""}","{""2"": 10, ""0"": 10, ""4"": 10, ""3"": 10, ""1"": 10}"
s0.5_ecm0_top_fitness_11,0.5,0,top_fitness,92604384,500,1,,"{""2"": 172}","{""2"": ""valley""}","{""2"": 10, ""4"": 10, ""0"": 10, ""3"": 10, ""1"": 10}"
s0.25_ecm1_random_11,0.25,1,random,2964782165,500,1,,"{""1"": 305}","{""1"": ""valley""}","{""2"": 10, ""4"": 10, ""0"": 10, ""3"": 10, ""1"": 10}"
s0.5_ecm1_top_fitness_11,0.5,1,top_fitness,2121162257,500,1,,"{""2"": 163}","{""2"": ""valley""}","{""2"": 10, ""4"": 10, ""0"": 10, ""1"": 10, ""3"": 10}"
s0.5_ecm0_random_11,0.5,0,random,185908082,500,0,,{},{},"{""2"": 10, ""4"": 10, ""0"": 10, ""3"": 10, ""1"": 10}"
s1.5_ecm1_top_fitness_10,1.5,1,top_fitness,2560674274,500,1,,"{""1"": 175}","{""1"": ""valley""}","{""0"": 10, ""2"": 10, ""4"": 10, ""1"": 10, ""3"": 10}"
s1.0_ecm0_top_fitness_11,1.0,0,top_fitness,2611093656,500,1,,"{""2"": 240}","{""2"": ""valley""}","{""2"": 10, ""4"": 10, ""0"": 10, ""1"": 10, ""3"": 10}"
s1.0_ecm0_random_11,1.0,0,random,1748116702,500,0,,{},{},"{""2"": 10, ""4"": 10, ""3"": 10, ""0"": 10, ""1"": 10}"
s1.0_ecm1_top_fitness_11,1.0,1,top_fitness,4159320092,500,2,,"{""2"": 180, ""1"": 468}","{""2"": ""valley"", ""1"": ""valley""}","{""2"": 10, ""4"": 10, ""0"": 10, ""1"": 10, ""3"": 10}"
s0.5_ecm1_random_11,0.5,1,random,1644470308,500,1,,"{""4"": 286}","{""4"": ""valley""}","{""2"": 10, ""4"": 10, ""0"": 10, ""3"": 10, ""1"": 10}"
s1.5_ecm0_top_fitness_11,1.5,0,top_fitness,3993599088,500,0,,{},{},"{""2"": 10, ""0"": 10, ""4"": 10, ""1"": 10, ""3"": 10}"
s1.5_ecm1_random_09,1.5,1,random,3581480707,500,1,,"{""1"": 491}","{""1"": ""valley""}","{""0"": 10, ""4"": 10, ""2"": 10, ""3"": 10, ""1"": 10}"
s1.0_ecm1_random_10,1.0,1,random,728439782,500,1,,"{""1"": 240}","{""1"": ""valley""}","{""2"": 10, ""0"": 10, ""4"": 10, ""1"": 10, ""3"": 10}"
s1.5_ecm0_random_11,1.5,0,random,3398695960,500,0,,{},{},"{""2"": 10, ""4"": 10, ""3"": 10, ""0"": 10, ""1"": 10}"
s0.25_ecm0_top_fitness_12,0.25,0,top_fitness,826005145,500,1,,"{""2"": 209}","{""2"": ""valley""}","{""2"": 10, ""4"": 10, ""0"": 10, ""3"": 10, ""1"": 10}"
s0.25_ecm1_top_fitness_12,0.25,1,top_fitness,340285752,500,1,,"{""1"": 315}","{""1"": ""valley""}","{""2"": 10, ""4"": 10, ""0"": 10, ""3"": 10, ""1"": 10}"
s0.25_ecm0_random_12,0.25,0,random,135135850,500,1,,"{""4"": 462}","{""4"": ""valley""}","{""2"": 10, ""4"": 10, ""0"": 10, ""1"": 10, ""3"": 10}"
s0.5_ecm0_top_fitness_12,0.5,0,top_fitness,2358559645,500,1,,"{""2"": 196}","{""2"": ""valley""}","{""2"": 10, ""4"": 10, ""0"": 10, ""1"": 10, ""3"": 10}"
s0.25_ecm1_random_12,0.25,1,random,2541283817,500,2,,"{""1"": 375, ""2"": 496}","{""1"": ""valley"", ""2"": ""valley""}","{""2"": 10, ""4"": 10, ""0"": 10, ""1"": 10, ""3"": 10}"
s0.5_ecm1_top_fitness_12,0.5,1,top_fitness,1663513975,500,1,,"{""1"": 381}","{""1"": ""valley""}","{""2"": 10, ""4"": 10, ""0"": 10, ""3"": 10, ""1"": 10}"
s0.5_ecm0_random_12,0.5,0,random,3179758823,500,0,,{},{},"{""2"": 10, ""4"": 10, ""0"": 10, ""1"": 10, ""3"": 10}"
s1.0_ecm0_top_fitness_12,1.0,0,top_fitness,4290173688,500,0,,{},{},"{""2"": 10, ""4"": 10, ""3"": 10, ""1"": 10, ""0"": 10}"
s1.5_ecm1_top_fitness_11,1.5,1,top_fitness,3742626492,500,1,,"{""1"": 241}","{""1"": ""valley""}","{""2"": 10, ""0"": 10, ""3"": 10, ""4"": 10, ""1"": 10}"
s1.0_ecm0_random_12,1.0,0,random,1866271265,500,0,,{},{},"{""2"": 10, ""4"": 10, ""0"": 10, ""3"": 10, ""1"": 10}"
s1.5_ecm1_random_10,1.5,1,random,4235316783,500,1,,"{""1"": 314}","{""1"": ""valley""}","{""2"": 10, ""0"": 10, ""3"": 10, ""4"": 10, ""1"": 10}"
s1.0_ecm1_top_fitness_12,1.0,1,top_fitness,2011432196,500,1,,"{""1"": 322}","{""1"": ""valley""}","{""2"": 10, ""0"": 10, ""4"": 10, ""3"": 10, ""1"": 10}"
s1.5_ecm0_top_fitness_12,1.5,0,top_fitness,3446972135,500,0,,{},{},"{""2"": 10, ""4"": 10, ""3"": 10, ""1"": 10, ""0"": 10}"
s0.5_ecm1_random_12,0.5,1,random,1252816207,500,1,,"{""1"": 386}","{""1"": ""valley""}","{""2"": 10, ""0"": 10, ""4"": 10, ""1"": 10, ""3"": 10}"
s1.5_ecm0_random_12,1.5,0,random,3660785806,500,0,,{},{},"{""2"": 10, ""0"": 10, ""4"": 10, ""3"": 10, ""1"": 10}"
s0.25_ecm1_top_fitness_13,0.25,1,top_fitness,3594557619,500,1,,"{""2"": 167}","{""2"": ""valley""}","{""2"": 10, ""4"": 10, ""0"": 10, ""3"": 10, ""1"": 10}"
s0.25_ecm0_top_fitness_13,0.25,0,top_fitness,1775484868,500,1,,"{""2"": 229}","{""2"": ""valley""}","{""2"": 10, ""4"": 10, ""0"": 10, ""3"": 10, ""1"": 10}"
s0.25_ecm0_random_13,0.25,0,random,3350866261,500,0,,{},{},"{""2"": 10, ""0"": 10, ""4"": 10, ""3"": 10, ""1"": 10}"
s0.25_ecm1_random_13,0.25,1,random,1506364213,500,0,,{},{},"{""2"": 10, ""4"": 10, ""0"": 10, ""1"": 10, ""3"": 10}"
s1.0_ecm1_random_11,1.0,1,random,2746497902,500,2,,"{""1"": 242, ""3"": 322}","{""1"": ""valley"", ""3"": ""valley""}","{""2"": 10, ""4"": 10, ""3"": 10, ""0"": 10, ""1"": 10}"
s0.5_ecm1_top_fitness_13,0.5,1,top_fitness,1251307837,500,2,,"{""2"": 142, ""1"": 359}","{""2"": ""valley"", ""1"": ""valley""}","{""2"": 10, ""4"": 10, ""0"": 10, ""1"": 10, ""3"": 10}"
s0.5_ecm0_top_fitness_13,0.5,0,top_fitness,2075869496,500,0,,{},{},"{""2"": 10, ""0"": 10, ""4"": 10, ""1"": 10, ""3"": 10}"
s0.5_ecm0_random_13,0.5,0,random,4214752152,500,0,,{},{},"{""2"": 10, ""4"": 10, ""0"": 10, ""1"": 10, ""3"": 10}"
s1.5_ecm1_random_11,1.5,1,random,1665545933,500,0,,{},{},"{""2"": 10, ""4"": 10, ""0"": 10, ""1"": 10, ""3"": 10}"
s1.0_ecm0_top_fitness_13,1.0,0,top_fitness,2177898847,500,0,,{},{},"{""2"": 10, ""4"": 10, ""0"": 10, ""1"": 10, ""3"": 10}"
s1.0_ecm0_random_13,1.0,0,random,1414306064,500,0,,{},{},"{""2"": 10, ""0"": 10, ""4"": 10, ""3"": 10, ""1"": 10}"
s1.5_ecm1_top_fitness_12,1.5,1,top_fitness,1705978029,500,1,,"{""1"": 158}","{""1"": ""valley""}","{""2"": 10, ""4"": 10, ""3"": 10, ""0"": 10, ""1"": 10}"
s1.5_ecm0_top_fitness_13,1.5,0,top_fitness,4128270187,500,0,,{},{},"{""2"": 10, ""4"": 10, ""0"": 10, ""1"": 10, ""3"": 10}"
s0.5_ecm1_random_13,0.5,1,random,964863831,500,2,,"{""4"": 351, ""1"": 358}","{""4"": ""valley"", ""1"": ""valley""}","{""2"": 10, ""4"": 10, ""0"": 10, ""3"": 10, ""1"": 10}"
s1.0_ecm1_top_fitness_13,1.0,1,top_fitness,382714573,500,2,,"{""4"": 370, ""3"": 423}","{""4"": ""valley"", ""3"": ""valley""}","{""2"": 10, ""0"": 10, ""4"": 10, ""1"": 10, ""3"": 10}"
s1.5_ecm0_random_13,1.5,0,random,3377304695,500,0,,{},{},"{""0"": 10, ""4"": 10, ""2"": 10, ""1"": 10, ""3"": 10}"
s0.25_ecm0_top_fitness_14,0.25,0,top_fitness,3483638912,500,1,,"{""2"": 178}","{""2"": ""valley""}","{""2"": 10, ""0"": 10, ""4"": 10, ""3"": 10, ""1"": 10}"
s0.25_ecm1_top_fitness_14,0.25,1,top_fitness,3819051817,500,1,,"{""1"": 483}","{""1"": ""valley""}","{""2"": 10, ""0"": 10, ""4"": 10, ""1"": 10, ""3"": 10}"
s0.25_ecm0_random_14,0.25,0,random,3073712499,500,0,,{},{},"{""2"": 10, ""1"": 10, ""0"": 10, ""3"": 10, ""4"": 10}"
s1.0_ecm1_random_12,1.0,1,random,2073115077,500,1,,"{""1"": 258}","{""1"": ""valley""}","{""0"": 10, ""2"": 10, ""4"": 10, ""1"": 10, ""3"": 10}"
s0.25_ecm1_random_14,0.25,1,random,68017238,500,0,,{},{},"{""2"": 10, ""4"": 10, ""0"": 10, ""3"": 10, ""1"": 10}"
s0.5_ecm0_top_fitness_14,0.5,0,top_fitness,3595845708,500,1,,"{""2"": 183}","{""2"": ""valley""}","{""2"": 10, ""0"": 10, ""4"": 10, ""3"": 10, ""1"": 10}"
s0.5_ecm0_random_14,0.5,0,random,2665972519,500,0,,{},{},"{""2"": 10, ""4"": 10, ""0"": 10, ""1"": 10, ""3"": 10}"
s0.5_ecm1_top_fitness_14,0.5,1,top_fitness,529776565,500,1,,"{""2"": 190}","{""2"": ""valley""}","{""2"": 10, ""4"": 10, ""0"": 10, ""1"": 10, ""3"": 10}"
s1.0_ecm0_top_fitness_14,1.0,0,top_fitness,3167411556,500,0,,{},{},"{""2"": 10, ""0"": 10, ""4"": 10, ""1"": 10, ""3"": 10}"
s1.0_ecm0_random_14,1.0,0,random,2110380508,500,1,,"{""1"": 448}","{""1"": ""valley""}","{""0"": 10, ""4"": 10, ""2"": 10, ""1"": 10, ""3"": 10}"
s1.5_ecm1_top_fitness_13,1.5,1,top_fitness,3694657693,500,1,,"{""1"": 144}","{""1"": ""valley""}","{""2"": 10, ""0"": 10, ""4"": 10, ""1"": 10, ""3"": 10}"
s0.5_ecm1_random_14,0.5,1,random,2339007427,450,5,449,"{""1"": 291, ""2"": 375, ""3"": 391, ""4"": 404, ""0"": 449}","{""1"": ""valley"", ""2"": ""valley"", ""3"": ""valley"", ""4"": ""valley"", ""0"": ""valley""}","{""2"": 10, ""4"": 10, ""0"": 10, ""3"": 10, ""1"": 10}"
s1.0_ecm1_top_fitness_14,1.0,1,top_fitness,1121618256,500,0,,{},{},"{""2"": 10, ""0"": 10, ""4"": 10, ""3"": 10, ""1"": 10}"
s1.5_ecm1_random_12,1.5,1,random,3703077712,500,0,,{},{},"{""2"": 10, ""0"": 10, ""4"": 10, ""3"": 10, ""1"": 10}"
s1.0_ecm1_random_13,1.0,1,random,3624221488,500,2,,"{""1"": 385, ""4"": 451}","{""1"": ""valley"", ""4"": ""valley""}","{""2"": 10, ""0"": 10, ""4"": 10, ""3"": 10, ""1"": 10}"
s1.5_ecm0_top_fitness_14,1.5,0,top_fitness,4033101794,500,0,,{},{},"{""2"": 10, ""4"": 10, ""3"": 10, ""0"": 10, ""1"": 10}"
s1.5_ecm0_random_14,1.5,0,random,96287741,500,0,,{},{},"{""2"": 10, ""0"": 10, ""4"": 10, ""3"": 10, ""1"": 10}"
s0.25_ecm0_top_fitness_15,0.25,0,top_fitness,4087715967,500,1,,"{""2"": 225}","{""2"": ""valley""}","{""2"": 10, ""4"": 10, ""0"": 10, ""3"": 10, ""1"": 10}"
s0.25_ecm0_random_15,0.25,0,random,1797679528,500,0,,{},{},"{""0"": 10, ""2"": 10, ""4"": 10, ""3"": 10, ""1"": 10}"
s0.25_ecm1_top_fitness_15,0.25,1,top_fitness,1738192823,500,0,,{},{},"{""2"": 10, ""4"": 10, ""0"": 10, ""1"": 10, ""3"": 10}"
s0.5_ecm0_top_fitness_15,0.5,0,top_fitness,3937865371,500,1,,"{""2"": 173}","{""2"": ""valley""}","{""2"": 10, ""0"": 10, ""4"": 10, ""3"": 10, ""1"": 10}"
s0.25_ecm1_random_15,0.25,1,random,2140612587,500,1,,"{""3"": 434}","{""3"": ""valley""}","{""2"": 10, ""4"": 10, ""0"": 10, ""3"": 10, ""1"": 10}"
s0.5_ecm0_random_15,0.5,0,random,2999872664,500,0,,{},{},"{""2"": 10, ""0"": 10, ""4"": 10, ""3"": 10, ""1"": 10}"
s0.5_ecm1_top_fitness_15,0.5,1,top_fitness,1967746052,500,1,,"{""1"": 298}","{""1"": ""valley""}","{""2"": 10, ""4"": 10, ""0"": 10, ""1"": 10, ""3"": 10}"
s1.5_ecm1_top_fitness_14,1.5,1,top_fitness,321647216,500,1,,"{""1"": 401}","{""1"": ""valley""}","{""2"": 10, ""0"": 10, ""4"": 10, ""3"": 10, ""1"": 10}"
s1.0_ecm0_top_fitness_15,1.0,0,top_fitness,3419355559,500,0,,{},{},"{""2"": 10, ""4"": 10, ""0"": 10, ""1"": 10, ""3"": 10}"
s1.0_ecm0_random_15,1.0,0,random,3065330290,500,0,,{},{},"{""2"": 10, ""4"": 10, ""0"": 10, ""1"": 10, ""3"": 10}"
s0.5_ecm1_random_15,0.5,1,random,654383496,500,1,,"{""1"": 235}","{""1"": ""valley""}","{""2"": 10, ""4"": 10, ""0"": 10, ""1"": 10, ""3"": 10}"
s1.0_ecm1_top_fitness_15,1.0,1,top_fitness,147759787,500,1,,"{""1"": 155}","{""1"": ""valley""}","{""2"": 10, ""0"": 10, ""3"": 10, ""4"": 10, ""1"": 10}"
s1.5_ecm0_top_fitness_15,1.5,0,top_fitness,4154544143,500,1,,"{""1"": 454}","{""1"": ""valley""}","{""2"": 10, ""0"": 10, ""4"": 10, ""3"": 10, ""1"": 10}"
s1.5_ecm0_random_15,1.5,0,random,373181016,500,0,,{},{},"{""2"": 10, ""0"": 10, ""4"": 10, ""1"": 10, ""3"": 10}"
s1.0_ecm1_random_14,1.0,1,random,2066109211,500,1,,"{""1"": 462}","{""1"": ""valley""}","{""2"": 10, ""0"": 10, ""4"": 10, ""1"": 10, ""3"": 10}"
s0.25_ecm0_top_fitness_16,0.25,0,top_fitness,2081470984,500,0,,{},{},"{""2"": 10, ""4"": 10, ""0"": 10, ""3"": 10, ""1"": 10}"
s0.25_ecm1_top_fitness_16,0.25,1,top_fitness,837358910,500,0,,{},{},"{""2"": 10, ""4"": 10, ""0"": 10, ""3"": 10, ""1"": 10}"
s0.25_ecm0_random_16,0.25,0,random,2142075410,500,0,,{},{},"{""2"": 10, ""4"": 10, ""0"": 10, ""3"": 10, ""1"": 10}"
s0.25_ecm1_random_16,0.25,1,random,1896593117,500,0,,{},{},"{""2"": 10, ""4"": 10, ""0"": 10, ""1"": 10, ""3"": 10}"
s0.5_ecm0_top_fitness_16,0.5,0,top_fitness,4084009272,500,0,,{},{},"{""2"": 10, ""0"": 10, ""4"": 10, ""3"": 10, ""1"": 10}"
s0.5_ecm1_top_fitness_16,0.5,1,top_fitness,2407074116,500,2,,"{""2"": 146, ""1"": 445}","{""2"": ""valley"", ""1"": ""valley""}","{""2"": 10, ""4"": 10, ""0"": 10, ""1"": 10, ""3"": 10}"
s1.5_ecm1_random_13,1.5,1,random,1986125124,500,1,,"{""1"": 450}","{""1"": ""valley""}","{""2"": 10, ""1"": 10, ""4"": 10, ""0"": 10, ""3"": 10}"
s0.5_ecm0_random_16,0.5,0,random,1014757920,500,0,,{},{},"{""2"": 10, ""4"": 10, ""0"": 10, ""3"": 10, ""1"": 10}"
s1.5_ecm1_top_fitness_15,1.5,1,top_fitness,1145461213,500,1,,"{""1"": 172}","{""1"": ""valley""}","{""2"": 10, ""4"": 10, ""0"": 10, ""3"": 10, ""1"": 10}"
s1.0_ecm0_top_fitness_16,1.0,0,top_fitness,3724290656,500,1,,"{""2"": 202}","{""2"": ""valley""}","{""2"": 10, ""4"": 10, ""0"": 10, ""1"": 10, ""3"": 10}"
s1.0_ecm0_random_16,1.0,0,random,2468436927,500,0,,{},{},"{""2"": 10, ""4"": 10, ""0"": 10, ""3"": 10, ""1"": 10}"
s1.0_ecm1_top_fitness_16,1.0,1,top_fitness,1898236695,500,1,,"{""2"": 184}","{""2"": ""valley""}","{""2"": 10, ""4"": 10, ""0"": 10, ""3"": 10, ""1"": 10}"
s0.5_ecm1_random_16,0.5,1,random,148164092,500,2,,"{""3"": 398, ""1"": 402}","{""3"": ""valley"", ""1"": ""valley""}","{""2"": 10, ""4"": 10, ""0"": 10, ""3"": 10, ""1"": 10}"
s1.5_ecm1_random_14,1.5,1,random,2805217306,500,1,,"{""1"": 215}","{""1"": ""valley""}","{""2"": 10, ""0"": 10, ""4"": 10, ""1"": 10, ""3"": 10}"
s1.5_ecm0_top_fitness_16,1.5,0,top_fitness,195178230,500,0,,{},{},"{""2"": 10, ""4"": 10, ""1"": 10, ""3"": 10, ""0"": 10}"
s1.0_ecm1_random_15,1.0,1,random,3257331847,500,1,,"{""1"": 331}","{""1"": ""valley""}","{""2"": 10, ""4"": 10, ""3"": 10, ""1"": 10, ""0"": 10}"
s1.5_ecm0_random_16,1.5,0,random,3525718320,500,0,,{},{},"{""0"": 10, ""4"": 10, ""1"": 10, ""2"": 10, ""3"": 10}"
s0.25_ecm0_top_fitness_17,0.25,0,top_fitness,882898333,500,1,,"{""2"": 334}","{""2"": ""valley""}","{""2"": 10, ""4"": 10, ""0"": 10, ""1"": 10, ""3"": 10}"
s0.25_ecm0_random_17,0.25,0,random,668553357,500,0,,{},{},"{""2"": 10, ""4"": 10, ""0"": 10, ""3"": 10, ""1"": 10}"
s0.25_ecm1_top_fitness_17,0.25,1,top_fitness,1058330001,500,2,,"{""2"": 139, ""1"": 332}","{""2"": ""valley"", ""1"": ""valley""}","{""2"": 10, ""4"": 10, ""0"": 10, ""1"": 10, ""3"": 10}"
s0.5_ecm0_top_fitness_17,0.5,0,top_fitness,2185441500,500,1,,"{""2"": 204}","{""2"": ""valley""}","{""2"": 10, ""4"": 10, ""0"": 10, ""3"": 10, ""1"": 10}"
s0.25_ecm1_random_17,0.25,1,random,2465171718,500,0,,{},{},"{""2"": 10, ""4"": 10, ""0"": 10, ""3"": 10, ""1"": 10}"
s0.5_ecm0_random_17,0.5,0,random,3859661058,500,0,,{},{},"{""2"": 10, ""4"": 10, ""0"": 10, ""3"": 10, ""1"": 10}"
s0.5_ecm1_top_fitness_17,0.5,1,top_fitness,2680891983,500,1,,"{""0"": 462}","{""0"": ""valley""}","{""2"": 10, ""4"": 10, ""0"": 10, ""1"": 10, ""3"": 10}"
s1.0_ecm0_top_fitness_17,1.0,0,top_fitness,3064204706,500,1,,"{""1"": 435}","{""1"": ""valley""}","{""2"": 10, ""4"": 10, ""3"": 10, ""1"": 10, ""0"": 10}"
s1.5_ecm1_random_15,1.5,1,random,821311002,500,0,,{},{},"{""0"": 10, ""3"": 10, ""4"": 10, ""1"": 10, ""2"": 10}"
s1.0_ecm0_random_17,1.0,0,random,65438804,500,1,,"{""1"": 450}","{""1"": ""valley""}","{""2"": 10, ""4"": 10, ""0"": 10, ""3"": 10, ""1"": 10}"
s1.5_ecm1_top_fitness_16,1.5,1,top_fitness,2243316771,500,1,,"{""1"": 193}","{""1"": ""valley""}","{""2"": 10, ""1"": 10, ""0"": 10, ""3"": 10, ""4"": 10}"
s1.5_ecm0_top_fitness_17,1.5,0,top_fitness,1730500984,500,0,,{},{},"{""2"": 10, ""0"": 10, ""4"": 10, ""3"": 10, ""1"": 10}"
s0.5_ecm1_random_17,0.5,1,random,1351736204,500,1,,"{""4"": 427}","{""4"": ""valley""}","{""2"": 10, ""4"": 10, ""0"": 10, ""1"": 10, ""3"": 10}"
s1.5_ecm0_random_17,1.5,0,random,2177082064,500,0,,{},{},"{""2"": 10, ""0"": 10, ""4"": 10, ""1"": 10, ""3"": 10}"
s0.25_ecm1_top_fitness_18,0.25,1,top_fitness,3362725905,500,0,,{},{},"{""2"": 10, ""4"": 10, ""0"": 10, ""3"": 10, ""1"": 10}"
s1.0_ecm1_top_fitness_17,1.0,1,top_fitness,1659523009,500,1,,"{""1"": 180}","{""1"": ""valley""}","{""2"": 10, ""4"": 10, ""0"": 10, ""1"": 10, ""3"": 10}"
s0.25_ecm0_top_fitness_18,0.25,0,top_fitness,787606300,500,1,,"{""2"": 299}","{""2"": ""valley""}","{""2"": 10, ""4"": 10, ""0"": 10, ""3"": 10, ""1"": 10}"
s1.0_ecm1_random_16,1.0,1,random,2797012144,500,1,,"{""0"": 407}","{""0"": ""valley""}","{""2"": 10, ""0"": 10, ""4"": 10, ""3"": 10, ""1"": 10}"
s0.25_ecm0_random_18,0.25,0,random,660710283,500,1,,"{""1"": 344}","{""1"": ""valley""}","{""2"": 10, ""4"": 10, ""0"": 10, ""3"": 10, ""1"": 10}"
s0.5_ecm0_top_fitness_18,0.5,0,top_fitness,1290833237,500,1,,"{""3"": 282}","{""3"": ""valley""}","{""2"": 10, ""3"": 10, ""4"": 10, ""0"": 10, ""1"": 10}"
s0.25_ecm1_random_18,0.25,1,random,2720378829,500,0,,{},{},"{""2"": 10, ""4"": 10, ""0"": 10, ""3"": 10, ""1"": 10}"
s1.5_ecm1_top_fitness_17,1.5,1,top_fitness,3443626799,500,0,,{},{},"{""2"": 10, ""4"": 10, ""0"": 10, ""1"": 10, ""3"": 10}"
s0.5_ecm0_random_18,0.5,0,random,3993903821,500,1,,"{""3"": 452}","{""3"": ""valley""}","{""2"": 10, ""4"": 10, ""0"": 10, ""3"": 10, ""1"": 10}"
s0.5_ecm1_top_fitness_18,0.5,1,top_fitness,2036549262,500,1,,"{""1"": 399}","{""1"": ""valley""}","{""2"": 10, ""4"": 10, ""0"": 10, ""1"": 10, ""3"": 10}"
s1.0_ecm0_top_fitness_18,1.0,0,top_fitness,2252909753,500,1,,"{""2"": 308}","{""2"": ""valley""}","{""2"": 10, ""0"": 10, ""4"": 10, ""1"": 10, ""3"": 10}"
s1.0_ecm0_random_18,1.0,0,random,2182081322,500,0,,{},{},"{""2"": 10, ""4"": 10, ""0"": 10, ""1"": 10, ""3"": 10}"
s0.5_ecm1_random_18,0.5,1,random,601540858,500,2,,"{""1"": 213, ""4"": 383}","{""1"": ""valley"", ""4"": ""valley""}","{""2"": 10, ""4"": 10, ""0"": 10, ""3"": 10, ""1"": 10}"
s1.0_ecm1_top_fitness_18,1.0,1,top_fitness,1259225102,500,1,,"{""2"": 226}","{""2"": ""valley""}","{""2"": 10, ""4"": 10, ""0"": 10, ""3"": 10, ""1"": 10}"
s1.5_ecm0_top_fitness_18,1.5,0,top_fitness,2517749586,500,0,,{},{},"{""2"": 10, ""0"": 10, ""4"": 10, ""3"": 10, ""1"": 10}"
s1.5_ecm0_random_18,1.5,0,random,209841321,500,0,,{},{},"{""2"": 10, ""0"": 10, ""4"": 10, ""1"": 10, ""3"": 10}"
s1.0_ecm1_random_17,1.0,1,random,3881377880,500,2,,"{""1"": 357, ""3"": 447}","{""1"": ""valley"", ""3"": ""valley""}","{""2"": 10, ""0"": 10, ""4"": 10, ""1"": 10, ""3"": 10}"
s0.25_ecm1_top_fitness_19,0.25,1,top_fitness,671826546,500,1,,"{""2"": 221}","{""2"": ""valley""}","{""2"": 10, ""1"": 10, ""3"": 10, ""4"": 10, ""0"": 10}"
s0.25_ecm0_top_fitness_19,0.25,0,top_fitness,4125544921,500,1,,"{""2"": 176}","{""2"": ""valley""}","{""2"": 10, ""4"": 10, ""0"": 10, ""3"": 10, ""1"": 10}"
s1.5_ecm1_random_16,1.5,1,random,515749928,500,0,,{},{},"{""2"": 10, ""0"": 10, ""4"": 10, ""1"": 10, ""3"": 10}"
s0.25_ecm0_random_19,0.25,0,random,3143959644,500,0,,{},{},"{""2"": 10, ""0"": 10, ""4"": 10, ""3"": 10, ""1"": 10}"
s0.5_ecm0_top_fitness_19,0.5,0,top_fitness,2389091033,500,1,,"{""2"": 165}","{""2"": ""valley""}","{""2"": 10, ""4"": 10, ""0"": 10, ""3"": 10, ""1"": 10}"
s0.25_ecm1_random_19,0.25,1,random,3718218921,500,0,,{},{},"{""2"": 10, ""4"": 10, ""1"": 10, ""0"": 10, ""3"": 10}"
s0.5_ecm1_top_fitness_19,0.5,1,top_fitness,2986315386,500,1,,"{""2"": 165}","{""2"": ""valley""}","{""0"": 10, ""4"": 10, ""2"": 10, ""3"": 10, ""1"": 10}"
s1.5_ecm1_top_fitness_18,1.5,1,top_fitness,2876542042,500,0,,{},{},"{""2"": 10, ""0"": 10, ""4"": 10, ""3"": 10, ""1"": 10}"
s0.5_ecm0_random_19,0.5,0,random,2117955061,500,1,,"{""3"": 431}","{""3"": ""valley""}","{""2"": 10, ""1"": 10, ""3"": 10, ""4"": 10, ""0"": 10}"
s1.0_ecm0_top_fitness_19,1.0,0,top_fitness,3345620348,500,1,,"{""2"": 369}","{""2"": ""valley""}","{""2"": 10, ""4"": 10, ""0"": 10, ""3"": 10, ""1"": 10}"
s1.0_ecm0_random_19,1.0,0,random,3566253409,500,2,,"{""2"": 325, ""3"": 454}","{""2"": ""valley"", ""3"": ""valley""}","{""2"": 10, ""4"": 10, ""0"": 10, ""3"": 10, ""1"": 10}"
s1.0_ecm1_top_fitness_19,1.0,1,top_fitness,2678514825,500,1,,"{""1"": 317}","{""1"": ""valley""}","{""2"": 10, ""4"": 10, ""0"": 10, ""1"": 10, ""3"": 10}"
s1.0_ecm1_random_18,1.0,1,random,1408576031,500,2,,"{""1"": 412, ""0"": 487}","{""1"": ""valley"", ""0"": ""valley""}","{""2"": 10, ""0"": 10, ""4"": 10, ""3"": 10, ""1"": 10}"
s1.5_ecm0_top_fitness_19,1.5,0,top_fitness,4148684211,500,0,,{},{},"{""2"": 10, ""4"": 10, ""0"": 10, ""1"": 10, ""3"": 10}"
s0.5_ecm1_random_19,0.5,1,random,2743807999,500,2,,"{""1"": 404, ""2"": 456}","{""1"": ""valley"", ""2"": ""valley""}","{""2"": 10, ""0"": 10, ""4"": 10, ""1"": 10, ""3"": 10}"
s1.5_ecm0_random_19,1.5,0,random,4012229424,500,0,,{},{},"{""2"": 10, ""4"": 10, ""1"": 10, ""3"": 10, ""0"": 10}"
s1.5_ecm1_top_fitness_19,1.5,1,top_fitness,1760948698,500,0,,{},{},"{""2"": 10, ""4"": 10, ""0"": 10, ""1"": 10, ""3"": 10}"
s1.5_ecm1_random_17,1.5,1,random,1203746406,500,1,,"{""1"": 323}","{""1"": ""valley""}","{""2"": 10, ""0"": 10, ""4"": 10, ""3"": 10, ""1"": 10}"
s1.5_ecm1_random_18,1.5,1,random,3541960901,500,1,,"{""1"": 408}","{""1"": ""valley""}","{""2"": 10, ""0"": 10, ""3"": 10, ""4"": 10, ""1"": 10}"
s1.0_ecm1_random_19,1.0,1,random,871460516,500,0,,{},{},"{""2"": 10, ""0"": 10, ""4"": 10, ""1"": 10, ""3"": 10}"
s1.5_ecm1_random_19,1.5,1,random,2764698973,500,1,,"{""1"": 306}","{""1"": ""valley""}","{""2"": 10, ""0"": 10, ""4"": 10, ""1"": 10, ""3"": 10}"
