run_id,topology,select_prob,env_scalar,use_ecm,rep,seed,generations_run,final_mean_fitness,late_mean_fitness,late_frac_high,final_peaks_colonized
complete_sp1.0_env0.0_ecm0_00,complete,1.0,0.0,0,0,2620668722,78,1.0,0.6982,0.1019,1
complete_sp0.0_env0.0_ecm0_00,complete,0.0,0.0,0,0,1681616121,300,0.09703,0.10454,0.0,0
complete_sp0.5_env0.0_ecm0_00,complete,0.5,0.0,0,0,2735953540,300,0.94352,0.9222,0.7032,1
complete_sp1.0_env0.5_ecm0_00,complete,1.0,0.5,0,0,344264718,300,0.95015,0.95371,0.8974,1
small_world_sp1.0_env0.0_ecm0_00,small_world,1.0,0.0,0,0,3039750810,300,0.9,0.88558,0.0,0
small_world_sp1.0_env0.0_ecm1_00,small_world,1.0,0.0,1,0,3009605746,277,1.0,0.88856,0.4025,1
small_world_sp0.5_env0.0_ecm0_00,small_world,0.5,0.0,0,0,3871844644,300,0.59706,0.58613,0.0,0
small_world_sp0.5_env0.0_ecm1_00,small_world,0.5,0.0,1,0,1028621287,300,0.70774,0.65865,0.0,0
complete_sp1.0_env1.0_ecm0_00,complete,1.0,1.0,0,0,411388742,300,0.88577,0.87661,0.4085,0
small_world_sp0.0_env0.0_ecm0_00,small_world,0.0,0.0,0,0,1796618567,300,0.10125,0.10639,0.0,0
small_world_sp1.0_env0.5_ecm0_00,small_world,1.0,0.5,0,0,3308401410,300,0.62784,0.60235,0.0,0
small_world_sp1.0_env0.5_ecm1_00,small_world,1.0,0.5,1,0,82494601,300,0.68467,0.65276,0.0,0
small_world_sp0.0_env0.0_ecm1_00,small_world,0.0,0.0,1,0,3854626544,300,0.11286,0.11049,0.0,0
small_world_sp1.0_env1.0_ecm0_00,small_world,1.0,1.0,0,0,2095114538,300,0.48867,0.48698,0.0,0
ring_lattice_sp1.0_env0.0_ecm0_00,ring_lattice,1.0,0.0,0,0,2263356908,300,0.85833,0.84534,0.0,0
ring_lattice_sp1.0_env0.0_ecm1_00,ring_lattice,1.0,0.0,1,0,268154627,300,0.84225,0.80748,0.0,0
ring_lattice_sp0.5_env0.0_ecm0_00,ring_lattice,0.5,0.0,0,0,284237407,300,0.59782,0.57898,0.0,0
small_world_sp1.0_env1.0_ecm1_00,small_world,1.0,1.0,1,0,954015560,300,0.55406,0.55097,0.0,0
ring_lattice_sp0.0_env0.0_ecm0_00,ring_lattice,0.0,0.0,0,0,2416423301,300,0.09792,0.09505,0.0,0
complete_sp1.0_env0.0_ecm1_00,complete,1.0,0.0,1,0,9143491,300,0.975,0.975,1.0,0
ring_lattice_sp1.0_env0.5_ecm0_00,ring_lattice,1.0,0.5,0,0,3041404472,300,0.65976,0.62473,0.0,0
ring_lattice_sp0.5_env0.0_ecm1_00,ring_lattice,0.5,0.0,1,0,635451866,300,0.64709,0.60921,0.0,0
ring_lattice_sp1.0_env1.0_ecm0_00,ring_lattice,1.0,1.0,0,0,1021354989,300,0.46664,0.46433,0.0,0
ring_lattice_sp1.0_env0.5_ecm1_00,ring_lattice,1.0,0.5,1,0,3532093633,300,0.68863,0.67112,0.0,0
ring_lattice_sp0.0_env0.0_ecm1_00,ring_lattice,0.0,0.0,1,0,3115735891,300,0.10143,0.10983,0.0,0
complete_sp1.0_env0.0_ecm0_01,complete,1.0,0.0,0,1,2165981913,87,1.0,0.70673,0.2787,1
ring_lattice_sp1.0_env1.0_ecm1_00,ring_lattice,1.0,1.0,1,0,2423297706,300,0.46871,0.45628,0.0,0
complete_sp1.0_env0.5_ecm1_00,complete,1.0,0.5,1,0,2650587732,300,0.95455,0.95741,0.8972,1
complete_sp1.0_env0.0_ecm1_01,complete,1.0,0.0,1,1,2731615052,66,1.0,0.69866,0.1705,1
complete_sp0.5_env0.0_ecm0_01,complete,0.5,0.0,0,1,4290031338,300,0.93143,0.92189,0.7044,1
complete_sp0.0_env0.0_ecm0_01,complete,0.0,0.0,0,1,4215898215,300,0.10242,0.10542,0.0,0
complete_sp0.5_env0.0_ecm1_00,complete,0.5,0.0,1,0,2720497747,300,0.9205,0.93003,0.7174,1
complete_sp1.0_env0.5_ecm0_01,complete,1.0,0.5,0,1,2381042316,300,0.92544,0.92936,0.7379,0
complete_sp1.0_env1.0_ecm1_00,complete,1.0,1.0,1,0,1210460973,300,0.91095,0.84921,0.2842,1
small_world_sp1.0_env0.0_ecm0_01,small_world,1.0,0.0,0,1,2853225473,300,0.88667,0.82201,0.0,0
small_world_sp1.0_env0.0_ecm1_01,small_world,1.0,0.0,1,1,2595329774,300,0.91687,0.86285,0.1795,0
small_world_sp0.5_env0.0_ecm0_01,small_world,0.5,0.0,0,1,3727765426,300,0.60657,0.58664,0.0,0
complete_sp1.0_env1.0_ecm0_01,complete,1.0,1.0,0,1,511857877,300,0.91582,0.90746,0.6439,1
small_world_sp0.0_env0.0_ecm0_01,small_world,0.0,0.0,0,1,3708998636,300,0.11535,0.10678,0.0,0
small_world_sp0.5_env0.0_ecm1_01,small_world,0.5,0.0,1,1,2248138474,300,0.74017,0.68574,0.0,0
small_world_sp1.0_env0.5_ecm0_01,small_world,1.0,0.5,0,1,3463300657,300,0.69976,0.67967,0.0,0
small_world_sp0.0_env0.0_ecm1_01,small_world,0.0,0.0,1,1,4236531153,300,0.10225,0.10285,0.0,0
small_world_sp1.0_env1.0_ecm0_01,small_world,1.0,1.0,0,1,1461328819,300,0.4784,0.47252,0.0,0
small_world_sp1.0_env0.5_ecm1_01,small_world,1.0,0.5,1,1,3158487560,300,0.74201,0.72285,0.0,0
ring_lattice_sp1.0_env0.0_ecm0_01,ring_lattice,1.0,0.0,0,1,1567744867,300,0.864,0.83519,0.0,0
small_world_sp1.0_env1.0_ecm1_01,small_world,1.0,1.0,1,1,1698036601,300,0.53663,0.52789,0.0,0
ring_lattice_sp1.0_env0.0_ecm1_01,ring_lattice,1.0,0.0,1,1,257421758,300,0.89167,0.87218,0.0,0
ring_lattice_sp0.5_env0.0_ecm0_01,ring_lattice,0.5,0.0,0,1,271795878,300,0.63051,0.603,0.0,0
ring_lattice_sp0.0_env0.0_ecm0_01,ring_lattice,0.0,0.0,0,1,555027203,300,0.10438,0.10359,0.0,0
complete_sp1.0_env0.5_ecm1_01,complete,1.0,0.5,1,1,4124491528,300,0.9661,0.9585,0.9005,1
ring_lattice_sp0.5_env0.0_ecm1_01,ring_lattice,0.5,0.0,1,1,1670124278,300,0.71458,0.6713,0.0,0
ring_lattice_sp1.0_env0.5_ecm0_01,ring_lattice,1.0,0.5,0,1,3647020793,300,0.63829,0.62238,0.0,0
ring_lattice_sp1.0_env1.0_ecm0_01,ring_lattice,1.0,1.0,0,1,2086128082,300,0.47508,0.46412,0.0,0
ring_lattice_sp1.0_env0.5_ecm1_01,ring_lattice,1.0,0.5,1,1,947606365,300,0.66131,0.66605,0.0,0
ring_lattice_sp0.0_env0.0_ecm1_01,ring_lattice,0.0,0.0,1,1,2935743478,300,0.11021,0.11102,0.0,0
ring_lattice_sp1.0_env1.0_ecm1_01,ring_lattice,1.0,1.0,1,1,534207971,300,0.51526,0.52756,0.0,0
complete_sp0.5_env0.0_ecm1_01,complete,0.5,0.0,1,1,3501125130,300,0.9106,0.92698,0.7092,1
complete_sp1.0_env0.0_ecm1_02,complete,1.0,0.0,1,2,1114569324,60,1.0,0.69693,0.2575,1
complete_sp1.0_env0.0_ecm0_02,complete,1.0,0.0,0,2,2895793076,300,0.975,0.975,1.0,0
complete_sp0.5_env0.0_ecm0_02,complete,0.5,0.0,0,2,2953926489,300,0.93607,0.92085,0.6969,1
complete_sp0.0_env0.0_ecm0_02,complete,0.0,0.0,0,2,2870293357,300,0.10466,0.10129,0.0,0
complete_sp1.0_env1.0_ecm1_01,complete,1.0,1.0,1,1,2635658792,300,0.91547,0.91043,0.6286,1
complete_sp1.0_env0.5_ecm0_02,complete,1.0,0.5,0,2,156111145,300,0.92265,0.92919,0.7346,0
complete_sp1.0_env1.0_ecm0_02,complete,1.0,1.0,0,2,2903446676,300,0.85227,0.85267,0.178,0
small_world_sp1.0_env0.0_ecm0_02,small_world,1.0,0.0,0,2,4123532377,297,1.0,0.91253,0.5235,1
small_world_sp1.0_env0.0_ecm1_02,small_world,1.0,0.0,1,2,4061219268,300,0.925,0.89528,0.4736,0
small_world_sp0.5_env0.0_ecm0_02,small_world,0.5,0.0,0,2,3209627168,300,0.62503,0.59407,0.0,0
small_world_sp0.5_env0.0_ecm1_02,small_world,0.5,0.0,1,2,1936465730,300,0.61963,0.57863,0.0,0
small_world_sp0.0_env0.0_ecm0_02,small_world,0.0,0.0,0,2,2726729827,300,0.10319,0.10483,0.0,0
small_world_sp1.0_env0.5_ecm1_02,small_world,1.0,0.5,1,2,4273858110,300,0.75725,0.71833,0.0,0
small_world_sp1.0_env0.5_ecm0_02,small_world,1.0,0.5,0,2,2692708229,300,0.70777,0.67858,0.0,0
small_world_sp0.0_env0.0_ecm1_02,small_world,0.0,0.0,1,2,1665673125,300,0.10798,0.10895,0.0,0
small_world_sp1.0_env1.0_ecm0_02,small_world,1.0,1.0,0,2,1746853858,300,0.47209,0.46511,0.0,0
ring_lattice_sp1.0_env0.0_ecm1_02,ring_lattice,1.0,0.0,1,2,2947646353,300,0.86858,0.84919,0.0,0
ring_lattice_sp1.0_env0.0_ecm0_02,ring_lattice,1.0,0.0,0,2,3420129712,300,0.85833,0.82237,0.0,0
small_world_sp1.0_env1.0_ecm1_02,small_world,1.0,1.0,1,2,2450797117,300,0.51973,0.51819,0.0,0
ring_lattice_sp0.5_env0.0_ecm0_02,ring_lattice,0.5,0.0,0,2,3897604567,300,0.59949,0.57983,0.0,0
ring_lattice_sp0.5_env0.0_ecm1_02,ring_lattice,0.5,0.0,1,2,606710701,300,0.6231,0.59538,0.0,0
ring_lattice_sp0.0_env0.0_ecm0_02,ring_lattice,0.0,0.0,0,2,1586231333,300,0.0984,0.10088,0.0,0
complete_sp0.0_env0.0_ecm1_00,complete,0.0,0.0,1,0,3961830186,300,0.09719,0.09896,0.0,0
complete_sp1.0_env0.5_ecm1_02,complete,1.0,0.5,1,2,3992044429,300,0.96163,0.95749,0.8978,1
ring_lattice_sp1.0_env0.5_ecm0_02,ring_lattice,1.0,0.5,0,2,2373002558,300,0.6064,0.58936,0.0,0
ring_lattice_sp1.0_env1.0_ecm0_02,ring_lattice,1.0,1.0,0,2,1363408039,300,0.46564,0.46349,0.0,0
complete_sp0.0_env0.0_ecm1_01,complete,0.0,0.0,1,1,712767889,300,0.11779,0.11504,0.0,0
ring_lattice_sp0.0_env0.0_ecm1_02,ring_lattice,0.0,0.0,1,2,1256631556,300,0.10177,0.10649,0.0,0
ring_lattice_sp1.0_env0.5_ecm1_02,ring_lattice,1.0,0.5,1,2,3490976077,300,0.76485,0.74148,0.0,0
complete_sp0.5_env0.0_ecm1_02,complete,0.5,0.0,1,2,1358124528,300,0.89219,0.88668,0.6333,0
ring_lattice_sp1.0_env1.0_ecm1_02,ring_lattice,1.0,1.0,1,2,1855729392,300,0.56638,0.56409,0.0,0
complete_sp1.0_env0.0_ecm0_03,complete,1.0,0.0,0,3,2464469152,300,0.975,0.975,1.0,0
complete_sp0.5_env0.0_ecm0_03,complete,0.5,0.0,0,3,602223289,300,0.91338,0.89966,0.6437,0
complete_sp0.0_env0.0_ecm0_03,complete,0.0,0.0,0,3,1206439105,300,0.0934,0.10536,0.0,0
complete_sp1.0_env1.0_ecm1_02,complete,1.0,1.0,1,2,4015661735,300,0.92085,0.9175,0.6793,1
complete_sp1.0_env0.0_ecm1_03,complete,1.0,0.0,1,3,3454884825,300,0.8,0.8,0.0,0
complete_sp1.0_env0.5_ecm0_03,complete,1.0,0.5,0,3,2039222377,300,0.8423,0.84159,0.0,0
small_world_sp1.0_env0.0_ecm0_03,small_world,1.0,0.0,0,3,3627859608,300,0.93608,0.87676,0.172,0
small_world_sp1.0_env0.0_ecm1_03,small_world,1.0,0.0,1,3,1561106800,300,0.90833,0.83649,0.1274,0
small_world_sp0.5_env0.0_ecm0_03,small_world,0.5,0.0,0,3,983453499,300,0.65751,0.62646,0.0,0
complete_sp1.0_env1.0_ecm0_03,complete,1.0,1.0,0,3,1055868941,300,0.81443,0.81193,0.0,0
small_world_sp0.0_env0.0_ecm0_03,small_world,0.0,0.0,0,3,3481873768,300,0.10092,0.0948,0.0,0
small_world_sp0.5_env0.0_ecm1_03,small_world,0.5,0.0,1,3,2146218542,300,0.63167,0.61295,0.0,0
small_world_sp1.0_env0.5_ecm0_03,small_world,1.0,0.5,0,3,435685067,300,0.61906,0.59159,0.0,0
small_world_sp1.0_env0.5_ecm1_03,small_world,1.0,0.5,1,3,1507591503,300,0.70126,0.68611,0.0,0
small_world_sp1.0_env1.0_ecm0_03,small_world,1.0,1.0,0,3,792728941,300,0.47913,0.46578,0.0,0
small_world_sp1.0_env1.0_ecm1_03,small_world,1.0,1.0,1,3,429121208,300,0.56237,0.52854,0.0,0
small_world_sp0.0_env0.0_ecm1_03,small_world,0.0,0.0,1,3,2134970566,300,0.10531,0.10319,0.0,0
ring_lattice_sp1.0_env0.0_ecm1_03,ring_lattice,1.0,0.0,1,3,3995456399,300,0.95054,0.86918,0.3779,1
ring_lattice_sp1.0_env0.0_ecm0_03,ring_lattice,1.0,0.0,0,3,3460185506,300,0.83592,0.79885,0.0,0
ring_lattice_sp0.5_env0.0_ecm0_03,ring_lattice,0.5,0.0,0,3,2140098512,300,0.55589,0.51894,0.0,0
ring_lattice_sp0.0_env0.0_ecm0_03,ring_lattice,0.0,0.0,0,3,3737181544,300,0.10829,0.10547,0.0,0
ring_lattice_sp0.5_env0.0_ecm1_03,ring_lattice,0.5,0.0,1,3,2595139116,300,0.64196,0.60754,0.0,0
ring_lattice_sp1.0_env0.5_ecm0_03,ring_lattice,1.0,0.5,0,3,4178097613,300,0.64562,0.61959,0.0,0
ring_lattice_sp1.0_env0.5_ecm1_03,ring_lattice,1.0,0.5,1,3,282602551,300,0.72445,0.66421,0.0,0
ring_lattice_sp1.0_env1.0_ecm0_03,ring_lattice,1.0,1.0,0,3,3804004747,300,0.49215,0.47637,0.0,0
ring_lattice_sp0.0_env0.0_ecm1_03,ring_lattice,0.0,0.0,1,3,2160249832,300,0.09975,0.10169,0.0,0
complete_sp1.0_env0.5_ecm1_03,complete,1.0,0.5,1,3,3263711612,300,0.86635,0.87,0.4954,0
ring_lattice_sp1.0_env1.0_ecm1_03,ring_lattice,1.0,1.0,1,3,961266543,300,0.49125,0.49397,0.0,0
complete_sp1.0_env0.0_ecm0_04,complete,1.0,0.0,0,4,3769278026,96,1.0,0.74967,0.3554,1
complete_sp0.5_env0.0_ecm1_03,complete,0.5,0.0,1,3,1162641741,300,0.93192,0.92752,0.7133,1
complete_sp1.0_env0.0_ecm1_04,complete,1.0,0.0,1,4,557550161,84,1.0,0.72254,0.2431,1
complete_sp0.0_env0.0_ecm0_04,complete,0.0,0.0,0,4,759856984,300,0.11088,0.10825,0.0,0
complete_sp0.5_env0.0_ecm0_04,complete,0.5,0.0,0,4,410303354,300,0.8228,0.8451,0.5536,0
complete_sp1.0_env0.5_ecm0_04,complete,1.0,0.5,0,4,1464848736,300,0.94867,0.95214,0.8945,1
complete_sp1.0_env1.0_ecm1_03,complete,1.0,1.0,1,3,3779310815,300,0.92378,0.91277,0.6415,1
small_world_sp1.0_env0.0_ecm1_04,small_world,1.0,0.0,1,4,3720250121,274,1.0,0.87938,0.2627,1
small_world_sp1.0_env0.0_ecm0_04,small_world,1.0,0.0,0,4,1347981993,300,0.94085,0.86438,0.1809,0
complete_sp0.0_env0.0_ecm1_02,complete,0.0,0.0,1,2,1419062964,300,0.10125,0.09812,0.0,0
small_world_sp0.5_env0.0_ecm0_04,small_world,0.5,0.0,0,4,3273572217,300,0.58683,0.57975,0.0,0
complete_sp1.0_env1.0_ecm0_04,complete,1.0,1.0,0,4,2508450026,300,0.86034,0.83899,0.1954,0
small_world_sp0.5_env0.0_ecm1_04,small_world,0.5,0.0,1,4,1042721629,300,0.68397,0.64053,0.0,0
small_world_sp0.0_env0.0_ecm0_04,small_world,0.0,0.0,0,4,358328580,300,0.10429,0.10384,0.0,0
small_world_sp1.0_env0.5_ecm0_04,small_world,1.0,0.5,0,4,107129386,300,0.64619,0.62678,0.0,0
small_world_sp1.0_env0.5_ecm1_04,small_world,1.0,0.5,1,4,3279564747,300,0.76746,0.74717,0.0,0
small_world_sp1.0_env1.0_ecm0_04,small_world,1.0,1.0,0,4,3035495333,300,0.47651,0.47136,0.0,0
small_world_sp0.0_env0.0_ecm1_04,small_world,0.0,0.0,1,4,2426068740,300,0.10995,0.10226,0.0,0
ring_lattice_sp1.0_env0.0_ecm0_04,ring_lattice,1.0,0.0,0,4,2917080169,300,0.8,0.79997,0.0,0
small_world_sp1.0_env1.0_ecm1_04,small_world,1.0,1.0,1,4,2047167863,300,0.5266,0.52349,0.0,0
ring_lattice_sp0.5_env0.0_ecm0_04,ring_lattice,0.5,0.0,0,4,1664956861,300,0.56096,0.52446,0.0,0
ring_lattice_sp1.0_env0.0_ecm1_04,ring_lattice,1.0,0.0,1,4,1132451391,300,0.83333,0.81878,0.0,0
ring_lattice_sp0.0_env0.0_ecm0_04,ring_lattice,0.0,0.0,0,4,2361316394,300,0.10698,0.10975,0.0,0
ring_lattice_sp1.0_env0.5_ecm1_04,ring_lattice,1.0,0.5,1,4,1116806018,300,0.67349,0.6389,0.0,0
ring_lattice_sp0.5_env0.0_ecm1_04,ring_lattice,0.5,0.0,1,4,654374559,300,0.6619,0.63202,0.0,0
ring_lattice_sp1.0_env0.5_ecm0_04,ring_lattice,1.0,0.5,0,4,1440867565,300,0.6277,0.60056,0.0,0
ring_lattice_sp1.0_env1.0_ecm0_04,ring_lattice,1.0,1.0,0,4,115818189,300,0.44244,0.43325,0.0,0
complete_sp1.0_env0.5_ecm1_04,complete,1.0,0.5,1,4,995754487,300,0.93124,0.93351,0.7602,0
complete_sp1.0_env0.0_ecm0_05,complete,1.0,0.0,0,5,290248951,78,1.0,0.71957,0.2331,1
ring_lattice_sp0.0_env0.0_ecm1_04,ring_lattice,0.0,0.0,1,4,2006703333,300,0.10868,0.11385,0.0,0
ring_lattice_sp1.0_env1.0_ecm1_04,ring_lattice,1.0,1.0,1,4,2623964853,300,0.48906,0.50532,0.0,0
complete_sp0.5_env0.0_ecm1_04,complete,0.5,0.0,1,4,201876353,300,0.89833,0.88217,0.6271,0
complete_sp0.5_env0.0_ecm0_05,complete,0.5,0.0,0,5,452488273,300,0.92048,0.9207,0.707,1
complete_sp1.0_env1.0_ecm1_04,complete,1.0,1.0,1,4,2587649547,300,0.91919,0.8917,0.5183,1
complete_sp0.0_env0.0_ecm0_05,complete,0.0,0.0,0,5,190738198,300,0.09919,0.09669,0.0,0
complete_sp1.0_env0.0_ecm1_05,complete,1.0,0.0,1,5,2363897034,132,1.0,0.92442,0.7219,1
complete_sp1.0_env0.5_ecm0_05,complete,1.0,0.5,0,5,3225174822,300,0.86794,0.87463,0.4585,0
complete_sp1.0_env1.0_ecm0_05,complete,1.0,1.0,0,5,3418244196,300,0.88524,0.86478,0.3596,0
small_world_sp1.0_env0.0_ecm0_05,small_world,1.0,0.0,0,5,3510557355,300,0.86579,0.82623,0.0011,0
small_world_sp1.0_env0.0_ecm1_05,small_world,1.0,0.0,1,5,1062052216,300,0.89167,0.85819,0.0,0
complete_sp0.0_env0.0_ecm1_03,complete,0.0,0.0,1,3,3612374055,300,0.10851,0.10709,0.0,0
small_world_sp0.5_env0.0_ecm0_05,small_world,0.5,0.0,0,5,42400005,300,0.63422,0.59468,0.0,0
small_world_sp0.0_env0.0_ecm0_05,small_world,0.0,0.0,0,5,2875137606,300,0.10891,0.10607,0.0,0
small_world_sp0.5_env0.0_ecm1_05,small_world,0.5,0.0,1,5,1201571087,300,0.67804,0.64046,0.0,0
small_world_sp1.0_env0.5_ecm0_05,small_world,1.0,0.5,0,5,3262843818,300,0.66822,0.62849,0.0,0
small_world_sp1.0_env0.5_ecm1_05,small_world,1.0,0.5,1,5,1735700081,300,0.76245,0.73051,0.0,0
small_world_sp1.0_env1.0_ecm0_05,small_world,1.0,1.0,0,5,3627054544,300,0.47768,0.48215,0.0,0
ring_lattice_sp1.0_env0.0_ecm1_05,ring_lattice,1.0,0.0,1,5,2675995069,300,0.85973,0.84017,0.0,0
small_world_sp0.0_env0.0_ecm1_05,small_world,0.0,0.0,1,5,1507039559,300,0.09533,0.0966,0.0,0
ring_lattice_sp1.0_env0.0_ecm0_05,ring_lattice,1.0,0.0,0,5,3439526397,300,0.85,0.83441,0.0,0
small_world_sp1.0_env1.0_ecm1_05,small_world,1.0,1.0,1,5,3171819832,300,0.58895,0.58004,0.0,0
ring_lattice_sp0.5_env0.0_ecm0_05,ring_lattice,0.5,0.0,0,5,1862560398,300,0.56945,0.56112,0.0,0
ring_lattice_sp0.0_env0.0_ecm0_05,ring_lattice,0.0,0.0,0,5,2028950473,300,0.10716,0.10746,0.0,0
ring_lattice_sp0.5_env0.0_ecm1_05,ring_lattice,0.5,0.0,1,5,1959590572,300,0.56068,0.55298,0.0,0
ring_lattice_sp1.0_env0.5_ecm0_05,ring_lattice,1.0,0.5,0,5,917777775,300,0.55246,0.55072,0.0,0
ring_lattice_sp1.0_env0.5_ecm1_05,ring_lattice,1.0,0.5,1,5,1419589568,300,0.76741,0.72031,0.0,0
ring_lattice_sp1.0_env1.0_ecm0_05,ring_lattice,1.0,1.0,0,5,2932974360,300,0.42242,0.41487,0.0,0
ring_lattice_sp0.0_env0.0_ecm1_05,ring_lattice,0.0,0.0,1,5,3282218467,300,0.10314,0.10469,0.0,0
complete_sp0.5_env0.0_ecm1_05,complete,0.5,0.0,1,5,401058051,300,0.91694,0.92253,0.7107,1
complete_sp1.0_env0.5_ecm1_05,complete,1.0,0.5,1,5,1079929774,300,0.95552,0.95738,0.898,1
complete_sp1.0_env0.0_ecm0_06,complete,1.0,0.0,0,6,1913777019,88,1.0,0.72888,0.3098,1
ring_lattice_sp1.0_env1.0_ecm1_05,ring_lattice,1.0,1.0,1,5,302172736,300,0.54022,0.53303,0.0,0
complete_sp1.0_env0.0_ecm1_06,complete,1.0,0.0,1,6,2873637388,65,1.0,0.6618,0.0969,1
complete_sp0.5_env0.0_ecm0_06,complete,0.5,0.0,0,6,510815009,300,0.86857,0.85379,0.5621,0
complete_sp0.0_env0.0_ecm0_06,complete,0.0,0.0,0,6,4273756618,300,0.1001,0.09826,0.0,0
complete_sp1.0_env1.0_ecm1_05,complete,1.0,1.0,1,5,2519505414,300,0.91949,0.91821,0.6784,1
complete_sp1.0_env0.5_ecm0_06,complete,1.0,0.5,0,6,1408939768,300,0.95761,0.95304,0.901,1
small_world_sp1.0_env0.0_ecm1_06,small_world,1.0,0.0,1,6,3720013014,270,1.0,0.89076,0.2612,1
small_world_sp1.0_env0.0_ecm0_06,small_world,1.0,0.0,0,6,2273571824,300,0.89283,0.84265,0.0,0
complete_sp0.0_env0.0_ecm1_04,complete,0.0,0.0,1,4,2081434684,300,0.1028,0.09962,0.0,0
small_world_sp0.5_env0.0_ecm0_06,small_world,0.5,0.0,0,6,2491332502,300,0.65733,0.60865,0.0,0
complete_sp1.0_env1.0_ecm0_06,complete,1.0,1.0,0,6,4290326878,300,0.91054,0.87367,0.3741,1
small_world_sp0.0_env0.0_ecm0_06,small_world,0.0,0.0,0,6,510431941,300,0.09678,0.10139,0.0,0
small_world_sp0.5_env0.0_ecm1_06,small_world,0.5,0.0,1,6,551104637,300,0.67885,0.62742,0.0,0
small_world_sp1.0_env0.5_ecm0_06,small_world,1.0,0.5,0,6,2934076927,300,0.68394,0.65106,0.0,0
small_world_sp1.0_env0.5_ecm1_06,small_world,1.0,0.5,1,6,3873445580,300,0.7259,0.71317,0.0,0
small_world_sp1.0_env1.0_ecm0_06,small_world,1.0,1.0,0,6,1062740707,300,0.52681,0.51822,0.0,0
small_world_sp0.0_env0.0_ecm1_06,small_world,0.0,0.0,1,6,841544409,300,0.10278,0.09689,0.0,0
ring_lattice_sp1.0_env0.0_ecm0_06,ring_lattice,1.0,0.0,0,6,3861586233,300,0.90508,0.82668,0.0402,0
small_world_sp1.0_env1.0_ecm1_06,small_world,1.0,1.0,1,6,4031129500,300,0.48735,0.48328,0.0,0
ring_lattice_sp1.0_env0.0_ecm1_06,ring_lattice,1.0,0.0,1,6,595598537,300,0.90325,0.86558,0.0202,0
ring_lattice_sp0.5_env0.0_ecm0_06,ring_lattice,0.5,0.0,0,6,4009088492,300,0.5269,0.51353,0.0,0
ring_lattice_sp0.0_env0.0_ecm0_06,ring_lattice,0.0,0.0,0,6,1003777597,300,0.0965,0.09802,0.0,0
ring_lattice_sp0.5_env0.0_ecm1_06,ring_lattice,0.5,0.0,1,6,3425445567,300,0.58723,0.55693,0.0,0
ring_lattice_sp1.0_env0.5_ecm0_06,ring_lattice,1.0,0.5,0,6,1787568139,300,0.62217,0.62428,0.0,0
ring_lattice_sp1.0_env0.5_ecm1_06,ring_lattice,1.0,0.5,1,6,2215424052,300,0.62093,0.61132,0.0,0
ring_lattice_sp1.0_env1.0_ecm0_06,ring_lattice,1.0,1.0,0,6,3362408833,300,0.49237,0.46999,0.0,0
ring_lattice_sp1.0_env1.0_ecm1_06,ring_lattice,1.0,1.0,1,6,1934644225,300,0.51406,0.50054,0.0,0
complete_sp1.0_env0.5_ecm1_06,complete,1.0,0.5,1,6,1002062356,300,0.89308,0.89164,0.4657,0
ring_lattice_sp0.0_env0.0_ecm1_06,ring_lattice,0.0,0.0,1,6,2186311774,300,0.1071,0.10016,0.0,0
complete_sp1.0_env0.0_ecm0_07,complete,1.0,0.0,0,7,3138003945,87,1.0,0.70385,0.2247,1
complete_sp0.5_env0.0_ecm1_06,complete,0.5,0.0,1,6,3873964223,300,0.9223,0.92981,0.7261,1
complete_sp0.5_env0.0_ecm0_07,complete,0.5,0.0,0,7,3417455710,300,0.9212,0.92282,0.7112,1
complete_sp0.0_env0.0_ecm0_07,complete,0.0,0.0,0,7,3179051152,300,0.09702,0.09963,0.0,0
complete_sp1.0_env1.0_ecm1_06,complete,1.0,1.0,1,6,618488842,300,0.92455,0.88103,0.4438,1
complete_sp1.0_env0.5_ecm0_07,complete,1.0,0.5,0,7,3504631777,300,0.87542,0.86634,0.4147,0
complete_sp1.0_env0.0_ecm1_07,complete,1.0,0.0,1,7,3068368160,300,0.975,0.975,1.0,0
small_world_sp1.0_env0.0_ecm1_07,small_world,1.0,0.0,1,7,3842132286,300,0.91667,0.90015,0.7212,0
complete_sp1.0_env1.0_ecm0_07,complete,1.0,1.0,0,7,2092025265,300,0.87124,0.85969,0.2346,0
small_world_sp1.0_env0.0_ecm0_07,small_world,1.0,0.0,0,7,2417890146,300,0.90833,0.86272,0.2347,0
small_world_sp0.5_env0.0_ecm0_07,small_world,0.5,0.0,0,7,3149309782,300,0.58787,0.58453,0.0,0
complete_sp0.0_env0.0_ecm1_05,complete,0.0,0.0,1,5,387413615,300,0.12496,0.10973,0.0,0
small_world_sp0.0_env0.0_ecm0_07,small_world,0.0,0.0,0,7,1816030478,300,0.10615,0.10281,0.0,0
small_world_sp0.5_env0.0_ecm1_07,small_world,0.5,0.0,1,7,3290707580,300,0.56589,0.54504,0.0,0
small_world_sp1.0_env0.5_ecm0_07,small_world,1.0,0.5,0,7,3901529040,300,0.64325,0.62523,0.0,0
small_world_sp1.0_env0.5_ecm1_07,small_world,1.0,0.5,1,7,532407725,300,0.69908,0.68147,0.0,0
small_world_sp1.0_env1.0_ecm0_07,small_world,1.0,1.0,0,7,3011766841,300,0.51048,0.49549,0.0,0
small_world_sp1.0_env1.0_ecm1_07,small_world,1.0,1.0,1,7,2017013755,300,0.57595,0.57128,0.0,0
complete_sp1.0_env0.5_ecm1_07,complete,1.0,0.5,1,7,921867639,300,0.92982,0.93409,0.7734,0
ring_lattice_sp1.0_env0.0_ecm0_07,ring_lattice,1.0,0.0,0,7,5692209,300,0.9015,0.84991,0.0732,0
ring_lattice_sp0.5_env0.0_ecm0_07,ring_lattice,0.5,0.0,0,7,4172085427,300,0.5724,0.5608,0.0,0
ring_lattice_sp1.0_env0.0_ecm1_07,ring_lattice,1.0,0.0,1,7,4019438436,300,0.89913,0.87549,0.0108,0
small_world_sp0.0_env0.0_ecm1_07,small_world,0.0,0.0,1,7,3112694668,300,0.1063,0.10537,0.0,0
ring_lattice_sp0.0_env0.0_ecm0_07,ring_lattice,0.0,0.0,0,7,2080468166,300,0.09439,0.10093,0.0,0
ring_lattice_sp1.0_env0.5_ecm0_07,ring_lattice,1.0,0.5,0,7,2073927286,300,0.63383,0.60593,0.0,0
complete_sp0.5_env0.0_ecm1_07,complete,0.5,0.0,1,7,3403968587,300,0.92206,0.93121,0.7261,1
ring_lattice_sp1.0_env1.0_ecm0_07,ring_lattice,1.0,1.0,0,7,2315465892,300,0.49838,0.48793,0.0,0
ring_lattice_sp0.5_env0.0_ecm1_07,ring_lattice,0.5,0.0,1,7,2133933631,300,0.67678,0.63508,0.0,0
ring_lattice_sp1.0_env0.5_ecm1_07,ring_lattice,1.0,0.5,1,7,3855978454,300,0.74269,0.68894,0.0,0
ring_lattice_sp1.0_env1.0_ecm1_07,ring_lattice,1.0,1.0,1,7,1532359520,300,0.54642,0.52738,0.0,0
complete_sp1.0_env0.0_ecm0_08,complete,1.0,0.0,0,8,1862683395,80,1.0,0.7081,0.1768,1
ring_lattice_sp0.0_env0.0_ecm1_07,ring_lattice,0.0,0.0,1,7,2042102732,300,0.10555,0.10671,0.0,0
complete_sp1.0_env0.0_ecm1_08,complete,1.0,0.0,1,8,4027291352,81,1.0,0.72503,0.2156,1
complete_sp0.0_env0.0_ecm0_08,complete,0.0,0.0,0,8,102831430,300,0.10316,0.1026,0.0,0
complete_sp0.5_env0.0_ecm0_08,complete,0.5,0.0,0,8,4285123067,300,0.90597,0.92414,0.7039,1
complete_sp1.0_env1.0_ecm1_07,complete,1.0,1.0,1,7,2754331223,300,0.79256,0.80249,0.0,0
complete_sp1.0_env0.5_ecm0_08,complete,1.0,0.5,0,8,2613247774,300,0.95223,0.95336,0.8994,1
complete_sp1.0_env1.0_ecm0_08,complete,1.0,1.0,0,8,1093003599,300,0.88522,0.85759,0.2906,0
small_world_sp1.0_env0.0_ecm0_08,small_world,1.0,0.0,0,8,4233941240,300,0.9,0.87842,0.0,0
small_world_sp1.0_env0.0_ecm1_08,small_world,1.0,0.0,1,8,3039330374,300,0.93333,0.9034,0.5639,0
small_world_sp0.5_env0.0_ecm0_08,small_world,0.5,0.0,0,8,745615053,300,0.63865,0.62412,0.0,0
small_world_sp0.5_env0.0_ecm1_08,small_world,0.5,0.0,1,8,70096597,300,0.64011,0.60982,0.0,0
small_world_sp0.0_env0.0_ecm0_08,small_world,0.0,0.0,0,8,3482040788,300,0.10351,0.10568,0.0,0
complete_sp0.0_env0.0_ecm1_06,complete,0.0,0.0,1,6,3121063777,300,0.11398,0.10461,0.0,0
small_world_sp1.0_env0.5_ecm0_08,small_world,1.0,0.5,0,8,3744867220,300,0.64783,0.63231,0.0,0
small_world_sp1.0_env0.5_ecm1_08,small_world,1.0,0.5,1,8,1277383644,300,0.64983,0.6451,0.0,0
small_world_sp1.0_env1.0_ecm0_08,small_world,1.0,1.0,0,8,35224590,300,0.4794,0.47634,0.0,0
small_world_sp0.0_env0.0_ecm1_08,small_world,0.0,0.0,1,8,3999908779,300,0.10188,0.1028,0.0,0
ring_lattice_sp1.0_env0.0_ecm0_08,ring_lattice,1.0,0.0,0,8,3360044155,300,0.90208,0.85673,0.0429,0
ring_lattice_sp1.0_env0.0_ecm1_08,ring_lattice,1.0,0.0,1,8,3637530659,300,0.86633,0.84041,0.0,0
ring_lattice_sp0.5_env0.0_ecm0_08,ring_lattice,0.5,0.0,0,8,4216301192,300,0.59554,0.56403,0.0,0
small_world_sp1.0_env1.0_ecm1_08,small_world,1.0,1.0,1,8,936712973,300,0.57125,0.54952,0.0,0
ring_lattice_sp0.0_env0.0_ecm0_08,ring_lattice,0.0,0.0,0,8,2896278966,300,0.09625,0.10276,0.0,0
ring_lattice_sp0.5_env0.0_ecm1_08,ring_lattice,0.5,0.0,1,8,1561909981,300,0.5906,0.55164,0.0,0
ring_lattice_sp1.0_env0.5_ecm0_08,ring_lattice,1.0,0.5,0,8,2950887133,300,0.61651,0.57516,0.0,0
ring_lattice_sp1.0_env0.5_ecm1_08,ring_lattice,1.0,0.5,1,8,421638841,300,0.65261,0.63607,0.0,0
ring_lattice_sp1.0_env1.0_ecm0_08,ring_lattice,1.0,1.0,0,8,744576800,300,0.47306,0.46252,0.0,0
complete_sp1.0_env0.5_ecm1_08,complete,1.0,0.5,1,8,1705927790,300,0.95028,0.95668,0.8899,1
ring_lattice_sp0.0_env0.0_ecm1_08,ring_lattice,0.0,0.0,1,8,4133332874,300,0.10012,0.1025,0.0,0
ring_lattice_sp1.0_env1.0_ecm1_08,ring_lattice,1.0,1.0,1,8,2699711477,300,0.48044,0.47598,0.0,0
complete_sp0.5_env0.0_ecm1_08,complete,0.5,0.0,1,8,1452659301,300,0.91456,0.92609,0.7143,1
complete_sp1.0_env0.0_ecm0_09,complete,1.0,0.0,0,9,1633993065,85,1.0,0.70301,0.1908,1
complete_sp0.0_env0.0_ecm0_09,complete,0.0,0.0,0,9,1071747839,300,0.0896,0.0981,0.0,0
complete_sp0.5_env0.0_ecm0_09,complete,0.5,0.0,0,9,3315798038,300,0.87259,0.84683,0.5632,0
complete_sp1.0_env1.0_ecm1_08,complete,1.0,1.0,1,8,609139593,300,0.92327,0.91801,0.6805,1
complete_sp1.0_env0.5_ecm0_09,complete,1.0,0.5,0,9,2099714745,300,0.94394,0.93075,0.6975,0
complete_sp1.0_env0.0_ecm1_09,complete,1.0,0.0,1,9,42497814,300,0.90833,0.90833,1.0,0
complete_sp0.0_env0.0_ecm1_07,complete,0.0,0.0,1,7,1888723226,300,0.10515,0.09643,0.0,0
small_world_sp1.0_env0.0_ecm0_09,small_world,1.0,0.0,0,9,715380783,300,0.89167,0.85844,0.0,0
small_world_sp1.0_env0.0_ecm1_09,small_world,1.0,0.0,1,9,2176152095,300,0.95,0.89091,0.2834,0
small_world_sp0.5_env0.0_ecm0_09,small_world,0.5,0.0,0,9,57994470,300,0.62879,0.5836,0.0,0
small_world_sp0.5_env0.0_ecm1_09,small_world,0.5,0.0,1,9,203201353,300,0.6325,0.61481,0.0,0
small_world_sp0.0_env0.0_ecm0_09,small_world,0.0,0.0,0,9,874684125,300,0.09726,0.09989,0.0,0
complete_sp1.0_env1.0_ecm0_09,complete,1.0,1.0,0,9,3757451810,300,0.89805,0.90353,0.6223,1
small_world_sp1.0_env0.5_ecm0_09,small_world,1.0,0.5,0,9,357951598,300,0.64221,0.6345,0.0,0
small_world_sp1.0_env0.5_ecm1_09,small_world,1.0,0.5,1,9,1894844151,300,0.73279,0.71531,0.0,0
small_world_sp1.0_env1.0_ecm0_09,small_world,1.0,1.0,0,9,1279758062,300,0.49974,0.49363,0.0,0
small_world_sp0.0_env0.0_ecm1_09,small_world,0.0,0.0,1,9,2901550402,300,0.09826,0.10454,0.0,0
ring_lattice_sp1.0_env0.0_ecm0_09,ring_lattice,1.0,0.0,0,9,4245691628,300,0.91575,0.85617,0.2088,0
small_world_sp1.0_env1.0_ecm1_09,small_world,1.0,1.0,1,9,1783710756,300,0.58011,0.57326,0.0,0
ring_lattice_sp0.5_env0.0_ecm0_09,ring_lattice,0.5,0.0,0,9,749363098,300,0.59283,0.55307,0.0,0
ring_lattice_sp1.0_env0.0_ecm1_09,ring_lattice,1.0,0.0,1,9,1717439824,300,0.90258,0.84549,0.0276,0
ring_lattice_sp0.0_env0.0_ecm0_09,ring_lattice,0.0,0.0,0,9,2881634214,300,0.10013,0.10106,0.0,0
ring_lattice_sp0.5_env0.0_ecm1_09,ring_lattice,0.5,0.0,1,9,534041034,300,0.67207,0.65246,0.0,0
ring_lattice_sp1.0_env0.5_ecm0_09,ring_lattice,1.0,0.5,0,9,2394256108,300,0.62788,0.60708,0.0,0
ring_lattice_sp1.0_env0.5_ecm1_09,ring_lattice,1.0,0.5,1,9,2418832121,300,0.78529,0.7572,0.0,0
complete_sp1.0_env0.5_ecm1_09,complete,1.0,0.5,1,9,1945546546,300,0.88718,0.85993,0.2589,0
ring_lattice_sp1.0_env1.0_ecm0_09,ring_lattice,1.0,1.0,0,9,493249317,300,0.50354,0.48685,0.0,0
complete_sp1.0_env0.0_ecm0_10,complete,1.0,0.0,0,10,86457422,80,1.0,0.71294,0.2022,1
ring_lattice_sp0.0_env0.0_ecm1_09,ring_lattice,0.0,0.0,1,9,257411668,300,0.10387,0.1052,0.0,0
complete_sp0.5_env0.0_ecm1_09,complete,0.5,0.0,1,9,1881473825,300,0.94944,0.92805,0.7177,1
ring_lattice_sp1.0_env1.0_ecm1_09,ring_lattice,1.0,1.0,1,9,847339214,300,0.49601,0.49444,0.0,0
complete_sp0.0_env0.0_ecm0_10,complete,0.0,0.0,0,10,276591760,300,0.10549,0.10741,0.0,0
complete_sp1.0_env0.0_ecm1_10,complete,1.0,0.0,1,10,1056621481,76,1.0,0.72575,0.3176,1
complete_sp0.5_env0.0_ecm0_10,complete,0.5,0.0,0,10,1310015095,300,0.90804,0.92438,0.7133,1
complete_sp1.0_env1.0_ecm1_09,complete,1.0,1.0,1,9,3801097565,300,0.89291,0.89628,0.528,0
complete_sp1.0_env0.5_ecm0_10,complete,1.0,0.5,0,10,2929574942,300,0.90487,0.90649,0.7158,0
small_world_sp1.0_env0.0_ecm1_10,small_world,1.0,0.0,1,10,2504795995,300,0.73333,0.72823,0.0,0
small_world_sp1.0_env0.0_ecm0_10,small_world,1.0,0.0,0,10,1557221805,300,0.95508,0.92123,0.6636,1
complete_sp1.0_env1.0_ecm0_10,complete,1.0,1.0,0,10,3108603448,300,0.90159,0.87628,0.4608,1
small_world_sp0.5_env0.0_ecm0_10,small_world,0.5,0.0,0,10,244729743,300,0.62285,0.6097,0.0,0
small_world_sp0.5_env0.0_ecm1_10,small_world,0.5,0.0,1,10,4155981303,300,0.70657,0.67261,0.0,0
small_world_sp0.0_env0.0_ecm0_10,small_world,0.0,0.0,0,10,1448261233,300,0.10477,0.10402,0.0,0
complete_sp0.0_env0.0_ecm1_08,complete,0.0,0.0,1,8,2696343025,300,0.10038,0.10367,0.0,0
small_world_sp1.0_env0.5_ecm0_10,small_world,1.0,0.5,0,10,3793568625,300,0.66118,0.63054,0.0,0
small_world_sp1.0_env0.5_ecm1_10,small_world,1.0,0.5,1,10,2682469479,300,0.76314,0.72636,0.0,0
small_world_sp1.0_env1.0_ecm0_10,small_world,1.0,1.0,0,10,1257668555,300,0.45738,0.43156,0.0,0
small_world_sp1.0_env1.0_ecm1_10,small_world,1.0,1.0,1,10,4117591690,300,0.49648,0.50358,0.0,0
ring_lattice_sp1.0_env0.0_ecm1_10,ring_lattice,1.0,0.0,1,10,1401640662,300,0.85833,0.85025,0.0,0
ring_lattice_sp1.0_env0.0_ecm0_10,ring_lattice,1.0,0.0,0,10,2916591840,300,0.925,0.91834,0.9419,0
small_world_sp0.0_env0.0_ecm1_10,small_world,0.0,0.0,1,10,1417747884,300,0.0944,0.09867,0.0,0
ring_lattice_sp0.5_env0.0_ecm0_10,ring_lattice,0.5,0.0,0,10,3629219133,300,0.59952,0.55542,0.0,0
ring_lattice_sp0.0_env0.0_ecm0_10,ring_lattice,0.0,0.0,0,10,2511431089,300,0.10233,0.09908,0.0,0
ring_lattice_sp0.5_env0.0_ecm1_10,ring_lattice,0.5,0.0,1,10,3778483800,300,0.64045,0.60521,0.0,0
ring_lattice_sp1.0_env0.5_ecm1_10,ring_lattice,1.0,0.5,1,10,2472356153,300,0.74144,0.71776,0.0,0
ring_lattice_sp1.0_env0.5_ecm0_10,ring_lattice,1.0,0.5,0,10,1280022309,300,0.59501,0.58294,0.0,0
complete_sp0.5_env0.0_ecm1_10,complete,0.5,0.0,1,10,1107157194,300,0.91911,0.93012,0.728,1
ring_lattice_sp1.0_env1.0_ecm0_10,ring_lattice,1.0,1.0,0,10,274411938,300,0.45603,0.45182,0.0,0
ring_lattice_sp0.0_env0.0_ecm1_10,ring_lattice,0.0,0.0,1,10,104364390,300,0.10405,0.09753,0.0,0
complete_sp1.0_env0.5_ecm1_10,complete,1.0,0.5,1,10,1388355511,300,0.96291,0.95788,0.8965,1
ring_lattice_sp1.0_env1.0_ecm1_10,ring_lattice,1.0,1.0,1,10,3788850127,300,0.52565,0.51771,0.0,0
complete_sp0.0_env0.0_ecm1_09,complete,0.0,0.0,1,9,1323507407,300,0.09715,0.10347,0.0,0
complete_sp1.0_env0.0_ecm0_11,complete,1.0,0.0,0,11,3050675040,300,0.80833,0.80833,0.0,0
complete_sp1.0_env1.0_ecm1_10,complete,1.0,1.0,1,10,157111703,300,0.81322,0.81023,0.0,0
complete_sp0.5_env0.0_ecm0_11,complete,0.5,0.0,0,11,2550734355,300,0.84277,0.83742,0.5459,0
complete_sp0.0_env0.0_ecm0_11,complete,0.0,0.0,0,11,699578909,300,0.11773,0.10801,0.0,0
complete_sp1.0_env0.0_ecm1_11,complete,1.0,0.0,1,11,3899117341,300,0.85,0.85,0.0,0
complete_sp1.0_env0.5_ecm0_11,complete,1.0,0.5,0,11,2267452615,300,0.95283,0.95251,0.8948,1
small_world_sp1.0_env0.0_ecm0_11,small_world,1.0,0.0,0,11,1811007258,300,0.857,0.84337,0.0,0
complete_sp1.0_env1.0_ecm0_11,complete,1.0,1.0,0,11,1007293947,300,0.888,0.88731,0.4721,0
small_world_sp1.0_env0.0_ecm1_11,small_world,1.0,0.0,1,11,2724757800,280,1.0,0.90313,0.3602,1
small_world_sp0.5_env0.0_ecm0_11,small_world,0.5,0.0,0,11,3319848606,300,0.59966,0.57729,0.0,0
small_world_sp0.0_env0.0_ecm0_11,small_world,0.0,0.0,0,11,1794134356,300,0.10308,0.10952,0.0,0
small_world_sp0.5_env0.0_ecm1_11,small_world,0.5,0.0,1,11,212711692,300,0.6986,0.66675,0.0,0
small_world_sp1.0_env0.5_ecm0_11,small_world,1.0,0.5,0,11,1784765288,300,0.68004,0.64949,0.0,0
small_world_sp1.0_env0.5_ecm1_11,small_world,1.0,0.5,1,11,2203837872,300,0.72222,0.69372,0.0,0
small_world_sp1.0_env1.0_ecm0_11,small_world,1.0,1.0,0,11,2128122664,300,0.47646,0.47527,0.0,0
small_world_sp0.0_env0.0_ecm1_11,small_world,0.0,0.0,1,11,3848828281,300,0.10667,0.10428,0.0,0
ring_lattice_sp1.0_env0.0_ecm1_11,ring_lattice,1.0,0.0,1,11,3125096658,300,0.85425,0.83604,0.0,0
ring_lattice_sp1.0_env0.0_ecm0_11,ring_lattice,1.0,0.0,0,11,799971385,300,0.85675,0.80726,0.0,0
small_world_sp1.0_env1.0_ecm1_11,small_world,1.0,1.0,1,11,702039564,300,0.57621,0.55451,0.0,0
ring_lattice_sp0.5_env0.0_ecm0_11,ring_lattice,0.5,0.0,0,11,31510568,300,0.56545,0.53582,0.0,0
ring_lattice_sp0.0_env0.0_ecm0_11,ring_lattice,0.0,0.0,0,11,3316251317,300,0.10109,0.1086,0.0,0
ring_lattice_sp0.5_env0.0_ecm1_11,ring_lattice,0.5,0.0,1,11,2053990314,300,0.64484,0.63912,0.0,0
ring_lattice_sp1.0_env0.5_ecm1_11,ring_lattice,1.0,0.5,1,11,1270850136,300,0.72396,0.69095,0.0,0
ring_lattice_sp1.0_env0.5_ecm0_11,ring_lattice,1.0,0.5,0,11,2222536524,300,0.56875,0.56384,0.0,0
ring_lattice_sp1.0_env1.0_ecm0_11,ring_lattice,1.0,1.0,0,11,2539589957,300,0.45034,0.44812,0.0,0
ring_lattice_sp0.0_env0.0_ecm1_11,ring_lattice,0.0,0.0,1,11,2717302696,300,0.1011,0.11026,0.0,0
complete_sp1.0_env0.0_ecm0_12,complete,1.0,0.0,0,12,3366359327,94,1.0,0.70592,0.088,1
complete_sp1.0_env0.5_ecm1_11,complete,1.0,0.5,1,11,2282949327,300,0.93858,0.9341,0.77,0
ring_lattice_sp1.0_env1.0_ecm1_11,ring_lattice,1.0,1.0,1,11,376690177,300,0.48639,0.47995,0.0,0
complete_sp1.0_env0.0_ecm1_12,complete,1.0,0.0,1,12,91766717,71,1.0,0.69833,0.2314,1
complete_sp0.5_env0.0_ecm1_11,complete,0.5,0.0,1,11,2279430788,300,0.92617,0.92503,0.7068,1
complete_sp0.5_env0.0_ecm0_12,complete,0.5,0.0,0,12,4288040604,300,0.88421,0.90852,0.637,0
complete_sp0.0_env0.0_ecm0_12,complete,0.0,0.0,0,12,410192096,300,0.11728,0.11347,0.0,0
complete_sp1.0_env1.0_ecm1_11,complete,1.0,1.0,1,11,3138165966,300,0.92848,0.91779,0.6779,1
complete_sp1.0_env0.5_ecm0_12,complete,1.0,0.5,0,12,1270273960,300,0.95865,0.95358,0.8996,1
small_world_sp1.0_env0.0_ecm1_12,small_world,1.0,0.0,1,12,1492708561,300,0.85833,0.84307,0.0,0
small_world_sp1.0_env0.0_ecm0_12,small_world,1.0,0.0,0,12,118995512,300,0.88242,0.83843,0.0,0
complete_sp1.0_env1.0_ecm0_12,complete,1.0,1.0,0,12,3731497790,300,0.84725,0.84269,0.2252,0
small_world_sp0.5_env0.0_ecm0_12,small_world,0.5,0.0,0,12,4226621165,300,0.63461,0.59707,0.0,0
small_world_sp0.5_env0.0_ecm1_12,small_world,0.5,0.0,1,12,1702210758,300,0.66642,0.6296,0.0,0
small_world_sp0.0_env0.0_ecm0_12,small_world,0.0,0.0,0,12,2806925468,300,0.10026,0.09909,0.0,0
small_world_sp1.0_env0.5_ecm1_12,small_world,1.0,0.5,1,12,1121565091,300,0.78274,0.74683,0.0,0
small_world_sp1.0_env0.5_ecm0_12,small_world,1.0,0.5,0,12,1092152275,300,0.63209,0.62317,0.0,0
small_world_sp0.0_env0.0_ecm1_12,small_world,0.0,0.0,1,12,271042762,300,0.10181,0.1016,0.0,0
small_world_sp1.0_env1.0_ecm0_12,small_world,1.0,1.0,0,12,918025111,300,0.49301,0.48563,0.0,0
ring_lattice_sp1.0_env0.0_ecm1_12,ring_lattice,1.0,0.0,1,12,1286239608,300,0.90833,0.87452,0.4945,0
ring_lattice_sp1.0_env0.0_ecm0_12,ring_lattice,1.0,0.0,0,12,422563425,300,0.91397,0.87691,0.5948,0
small_world_sp1.0_env1.0_ecm1_12,small_world,1.0,1.0,1,12,43201113,300,0.54768,0.50781,0.0,0
complete_sp0.5_env0.0_ecm1_12,complete,0.5,0.0,1,12,391050236,300,0.85309,0.85217,0.5671,0
ring_lattice_sp0.5_env0.0_ecm0_12,ring_lattice,0.5,0.0,0,12,3634567630,300,0.59053,0.56291,0.0,0
ring_lattice_sp0.0_env0.0_ecm0_12,ring_lattice,0.0,0.0,0,12,2926805059,300,0.10114,0.10743,0.0,0
complete_sp1.0_env0.5_ecm1_12,complete,1.0,0.5,1,12,2220028784,300,0.90258,0.90158,0.5038,0
ring_lattice_sp1.0_env0.5_ecm0_12,ring_lattice,1.0,0.5,0,12,2859323476,300,0.64215,0.62968,0.0,0
ring_lattice_sp0.5_env0.0_ecm1_12,ring_lattice,0.5,0.0,1,12,1503552012,300,0.63904,0.59807,0.0,0
ring_lattice_sp1.0_env1.0_ecm0_12,ring_lattice,1.0,1.0,0,12,3569605897,300,0.49734,0.47541,0.0,0
ring_lattice_sp1.0_env0.5_ecm1_12,ring_lattice,1.0,0.5,1,12,941323949,300,0.68081,0.68534,0.0,0
ring_lattice_sp0.0_env0.0_ecm1_12,ring_lattice,0.0,0.0,1,12,2441152694,300,0.0992,0.10025,0.0,0
ring_lattice_sp1.0_env1.0_ecm1_12,ring_lattice,1.0,1.0,1,12,845263502,300,0.51463,0.52621,0.0,0
complete_sp1.0_env0.0_ecm0_13,complete,1.0,0.0,0,13,4266328188,300,0.975,0.975,1.0,0
complete_sp1.0_env1.0_ecm1_12,complete,1.0,1.0,1,12,3841688005,300,0.91909,0.91825,0.6811,1
complete_sp0.0_env0.0_ecm1_10,complete,0.0,0.0,1,10,2127032354,300,0.1094,0.10449,0.0,0
complete_sp0.5_env0.0_ecm0_13,complete,0.5,0.0,0,13,2011705560,300,0.92181,0.92237,0.7083,1
complete_sp0.0_env0.0_ecm0_13,complete,0.0,0.0,0,13,1213207420,300,0.08776,0.10152,0.0,0
complete_sp1.0_env0.5_ecm0_13,complete,1.0,0.5,0,13,3648449645,300,0.95469,0.95338,0.8978,1
complete_sp1.0_env0.0_ecm1_13,complete,1.0,0.0,1,13,1786809118,300,0.93333,0.93333,1.0,0
small_world_sp1.0_env0.0_ecm1_13,small_world,1.0,0.0,1,13,2808096687,300,0.94167,0.90341,0.5599,0
small_world_sp1.0_env0.0_ecm0_13,small_world,1.0,0.0,0,13,3932226167,300,0.91404,0.86869,0.0172,0
complete_sp1.0_env1.0_ecm0_13,complete,1.0,1.0,0,13,476050951,300,0.90376,0.90584,0.6313,1
small_world_sp0.5_env0.0_ecm0_13,small_world,0.5,0.0,0,13,880923665,300,0.57557,0.56544,0.0,0
small_world_sp0.5_env0.0_ecm1_13,small_world,0.5,0.0,1,13,4163451219,300,0.56493,0.54967,0.0,0
small_world_sp0.0_env0.0_ecm0_13,small_world,0.0,0.0,0,13,2559142469,300,0.09867,0.10343,0.0,0
small_world_sp1.0_env0.5_ecm1_13,small_world,1.0,0.5,1,13,3434095276,300,0.72074,0.70672,0.0,0
small_world_sp1.0_env0.5_ecm0_13,small_world,1.0,0.5,0,13,3301469289,300,0.61801,0.60895,0.0,0
small_world_sp0.0_env0.0_ecm1_13,small_world,0.0,0.0,1,13,1030211091,300,0.09921,0.09991,0.0,0
small_world_sp1.0_env1.0_ecm0_13,small_world,1.0,1.0,0,13,1565634952,300,0.513,0.49514,0.0,0
small_world_sp1.0_env1.0_ecm1_13,small_world,1.0,1.0,1,13,3192390393,300,0.51443,0.51037,0.0,0
ring_lattice_sp1.0_env0.0_ecm0_13,ring_lattice,1.0,0.0,0,13,2085554510,300,0.91311,0.83208,0.1354,0
ring_lattice_sp1.0_env0.0_ecm1_13,ring_lattice,1.0,0.0,1,13,3986586856,300,0.9,0.8843,0.0,0
ring_lattice_sp0.5_env0.0_ecm0_13,ring_lattice,0.5,0.0,0,13,3141697652,300,0.57994,0.54936,0.0,0
complete_sp0.5_env0.0_ecm1_13,complete,0.5,0.0,1,13,3179940339,300,0.89692,0.91234,0.6566,0
ring_lattice_sp0.0_env0.0_ecm0_13,ring_lattice,0.0,0.0,0,13,1554608577,300,0.09371,0.09826,0.0,0
complete_sp1.0_env0.5_ecm1_13,complete,1.0,0.5,1,13,3368234370,300,0.95656,0.95698,0.8948,1
ring_lattice_sp1.0_env0.5_ecm0_13,ring_lattice,1.0,0.5,0,13,3704351427,300,0.64637,0.62955,0.0,0
ring_lattice_sp0.5_env0.0_ecm1_13,ring_lattice,0.5,0.0,1,13,108414444,300,0.68001,0.65579,0.0,0
ring_lattice_sp1.0_env1.0_ecm0_13,ring_lattice,1.0,1.0,0,13,3587320277,300,0.44937,0.44828,0.0,0
ring_lattice_sp1.0_env0.5_ecm1_13,ring_lattice,1.0,0.5,1,13,183851867,300,0.7118,0.6943,0.0,0
complete_sp0.0_env0.0_ecm1_12,complete,0.0,0.0,1,12,4085570474,300,0.1032,0.09976,0.0,0
ring_lattice_sp1.0_env1.0_ecm1_13,ring_lattice,1.0,1.0,1,13,2282183242,300,0.4806,0.47557,0.0,0
ring_lattice_sp0.0_env0.0_ecm1_13,ring_lattice,0.0,0.0,1,13,1079659633,300,0.10426,0.09974,0.0,0
complete_sp1.0_env0.0_ecm0_14,complete,1.0,0.0,0,14,88014994,300,0.89167,0.89167,0.0,0
complete_sp1.0_env0.0_ecm1_14,complete,1.0,0.0,1,14,661708594,73,1.0,0.70784,0.1875,1
complete_sp0.5_env0.0_ecm0_14,complete,0.5,0.0,0,14,3129355233,300,0.91945,0.92178,0.7046,1
complete_sp0.0_env0.0_ecm0_14,complete,0.0,0.0,0,14,2382104145,300,0.10498,0.11131,0.0,0
complete_sp0.0_env0.0_ecm1_11,complete,0.0,0.0,1,11,371676422,300,0.1086,0.11595,0.0,0
complete_sp1.0_env1.0_ecm1_13,complete,1.0,1.0,1,13,2881531524,300,0.9115,0.90171,0.5536,1
small_world_sp1.0_env0.0_ecm1_14,small_world,1.0,0.0,1,14,297482791,300,0.9,0.82132,0.0,0
complete_sp1.0_env0.5_ecm0_14,complete,1.0,0.5,0,14,95189176,300,0.9487,0.95271,0.8985,1
small_world_sp1.0_env0.0_ecm0_14,small_world,1.0,0.0,0,14,2740477601,300,0.90042,0.85471,0.0121,0
small_world_sp0.5_env0.0_ecm0_14,small_world,0.5,0.0,0,14,2430954494,300,0.62949,0.60489,0.0,0
complete_sp1.0_env1.0_ecm0_14,complete,1.0,1.0,0,14,4208736114,300,0.91003,0.89174,0.5503,1
small_world_sp0.5_env0.0_ecm1_14,small_world,0.5,0.0,1,14,1451159874,300,0.71645,0.65638,0.0,0
small_world_sp0.0_env0.0_ecm0_14,small_world,0.0,0.0,0,14,2167763817,300,0.10954,0.11597,0.0,0
small_world_sp1.0_env0.5_ecm0_14,small_world,1.0,0.5,0,14,512686952,300,0.69002,0.64167,0.0,0
small_world_sp1.0_env0.5_ecm1_14,small_world,1.0,0.5,1,14,3917184372,300,0.73885,0.72506,0.0,0
small_world_sp0.0_env0.0_ecm1_14,small_world,0.0,0.0,1,14,4255405476,300,0.09308,0.10275,0.0,0
small_world_sp1.0_env1.0_ecm0_14,small_world,1.0,1.0,0,14,1528974072,300,0.46649,0.46686,0.0,0
ring_lattice_sp1.0_env0.0_ecm0_14,ring_lattice,1.0,0.0,0,14,446931126,300,0.88333,0.86899,0.0,0
small_world_sp1.0_env1.0_ecm1_14,small_world,1.0,1.0,1,14,3490475999,300,0.50196,0.49145,0.0,0
ring_lattice_sp0.5_env0.0_ecm0_14,ring_lattice,0.5,0.0,0,14,2354486159,300,0.61701,0.59088,0.0,0
ring_lattice_sp1.0_env0.0_ecm1_14,ring_lattice,1.0,0.0,1,14,2232949112,300,0.885,0.86556,0.0008,0
ring_lattice_sp0.0_env0.0_ecm0_14,ring_lattice,0.0,0.0,0,14,1553893563,300,0.09194,0.09482,0.0,0
ring_lattice_sp0.5_env0.0_ecm1_14,ring_lattice,0.5,0.0,1,14,2811408565,300,0.65063,0.60957,0.0,0
ring_lattice_sp1.0_env0.5_ecm0_14,ring_lattice,1.0,0.5,0,14,973971463,300,0.71611,0.69149,0.0,0
complete_sp0.5_env0.0_ecm1_14,complete,0.5,0.0,1,14,2638660776,300,0.78574,0.80915,0.0,0
ring_lattice_sp1.0_env1.0_ecm0_14,ring_lattice,1.0,1.0,0,14,1826193238,300,0.45826,0.45452,0.0,0
ring_lattice_sp0.0_env0.0_ecm1_14,ring_lattice,0.0,0.0,1,14,1366019242,300,0.11611,0.10834,0.0,0
ring_lattice_sp1.0_env0.5_ecm1_14,ring_lattice,1.0,0.5,1,14,2559444042,300,0.65655,0.64365,0.0,0
complete_sp1.0_env0.0_ecm0_15,complete,1.0,0.0,0,15,1001595500,81,1.0,0.70536,0.1633,1
complete_sp1.0_env0.5_ecm1_14,complete,1.0,0.5,1,14,3719627737,300,0.95895,0.95705,0.8943,1
ring_lattice_sp1.0_env1.0_ecm1_14,ring_lattice,1.0,1.0,1,14,521985882,300,0.53796,0.53922,0.0,0
complete_sp0.0_env0.0_ecm1_13,complete,0.0,0.0,1,13,3283793140,300,0.10671,0.10508,0.0,0
complete_sp1.0_env0.0_ecm1_15,complete,1.0,0.0,1,15,1526537895,82,1.0,0.72215,0.1904,1
complete_sp0.0_env0.0_ecm0_15,complete,0.0,0.0,0,15,2290348416,300,0.11311,0.10463,0.0,0
complete_sp0.5_env0.0_ecm0_15,complete,0.5,0.0,0,15,1116062821,300,0.76421,0.77449,0.0,0
complete_sp1.0_env0.5_ecm0_15,complete,1.0,0.5,0,15,2771790427,300,0.92629,0.92967,0.7404,0
complete_sp1.0_env1.0_ecm0_15,complete,1.0,1.0,0,15,2953669323,300,0.90476,0.9081,0.6493,1
small_world_sp1.0_env0.0_ecm0_15,small_world,1.0,0.0,0,15,883396728,300,0.88788,0.84572,0.0142,0
complete_sp1.0_env1.0_ecm1_14,complete,1.0,1.0,1,14,1407646367,300,0.91851,0.9016,0.5542,1
small_world_sp1.0_env0.0_ecm1_15,small_world,1.0,0.0,1,15,2833063548,300,0.89167,0.86093,0.0,0
small_world_sp0.5_env0.0_ecm0_15,small_world,0.5,0.0,0,15,2246531923,300,0.66334,0.63148,0.0,0
small_world_sp0.0_env0.0_ecm0_15,small_world,0.0,0.0,0,15,2078146877,300,0.10244,0.10493,0.0,0
small_world_sp0.5_env0.0_ecm1_15,small_world,0.5,0.0,1,15,3255175139,300,0.65391,0.65441,0.0,0
small_world_sp1.0_env0.5_ecm0_15,small_world,1.0,0.5,0,15,3172564769,300,0.63899,0.65156,0.0,0
small_world_sp1.0_env0.5_ecm1_15,small_world,1.0,0.5,1,15,3788057281,300,0.7159,0.69122,0.0,0
small_world_sp1.0_env1.0_ecm0_15,small_world,1.0,1.0,0,15,3555762572,300,0.46642,0.44046,0.0,0
small_world_sp0.0_env0.0_ecm1_15,small_world,0.0,0.0,1,15,2752230052,300,0.10533,0.10788,0.0,0
ring_lattice_sp1.0_env0.0_ecm0_15,ring_lattice,1.0,0.0,0,15,1927122442,300,0.85542,0.82515,0.0,0
small_world_sp1.0_env1.0_ecm1_15,small_world,1.0,1.0,1,15,208884715,300,0.48113,0.4904,0.0,0
ring_lattice_sp1.0_env0.0_ecm1_15,ring_lattice,1.0,0.0,1,15,790339768,300,0.91375,0.84747,0.3971,0
ring_lattice_sp0.5_env0.0_ecm0_15,ring_lattice,0.5,0.0,0,15,2394665561,300,0.57163,0.53171,0.0,0
ring_lattice_sp0.0_env0.0_ecm0_15,ring_lattice,0.0,0.0,0,15,3038597364,300,0.11091,0.10354,0.0,0
ring_lattice_sp0.5_env0.0_ecm1_15,ring_lattice,0.5,0.0,1,15,3371157959,300,0.62787,0.61054,0.0,0
ring_lattice_sp1.0_env0.5_ecm0_15,ring_lattice,1.0,0.5,0,15,1053076736,300,0.63947,0.63553,0.0,0
ring_lattice_sp1.0_env0.5_ecm1_15,ring_lattice,1.0,0.5,1,15,710932115,300,0.67522,0.67522,0.0,0
ring_lattice_sp1.0_env1.0_ecm0_15,ring_lattice,1.0,1.0,0,15,2130535478,300,0.49234,0.47319,0.0,0
ring_lattice_sp0.0_env0.0_ecm1_15,ring_lattice,0.0,0.0,1,15,2286013184,300,0.11088,0.10483,0.0,0
ring_lattice_sp1.0_env1.0_ecm1_15,ring_lattice,1.0,1.0,1,15,1133734589,300,0.54869,0.54334,0.0,0
complete_sp1.0_env0.0_ecm0_16,complete,1.0,0.0,0,16,3126727611,80,1.0,0.69,0.1782,1
complete_sp0.5_env0.0_ecm1_15,complete,0.5,0.0,1,15,452659604,300,0.89485,0.90475,0.6643,0
complete_sp1.0_env0.5_ecm1_15,complete,1.0,0.5,1,15,1776106739,300,0.94857,0.95676,0.8924,1
complete_sp1.0_env0.0_ecm1_16,complete,1.0,0.0,1,16,3961106682,80,1.0,0.7176,0.2279,1
complete_sp0.5_env0.0_ecm0_16,complete,0.5,0.0,0,16,4009677713,300,0.85008,0.84944,0.5699,0
complete_sp0.0_env0.0_ecm0_16,complete,0.0,0.0,0,16,4011423696,300,0.10168,0.0995,0.0,0
complete_sp1.0_env0.5_ecm0_16,complete,1.0,0.5,0,16,2713077613,300,0.95056,0.8811,0.4928,1
complete_sp1.0_env1.0_ecm1_15,complete,1.0,1.0,1,15,1232396033,300,0.92575,0.91736,0.673,1
small_world_sp1.0_env0.0_ecm1_16,small_world,1.0,0.0,1,16,1454258417,300,0.85417,0.84234,0.0,0
small_world_sp1.0_env0.0_ecm0_16,small_world,1.0,0.0,0,16,3163602568,300,0.875,0.86476,0.0,0
complete_sp1.0_env1.0_ecm0_16,complete,1.0,1.0,0,16,2645893191,300,0.83079,0.81445,0.0029,0
small_world_sp0.5_env0.0_ecm0_16,small_world,0.5,0.0,0,16,3018952120,300,0.61014,0.59982,0.0,0
small_world_sp0.5_env0.0_ecm1_16,small_world,0.5,0.0,1,16,2267016789,300,0.71694,0.66396,0.0,0
small_world_sp0.0_env0.0_ecm0_16,small_world,0.0,0.0,0,16,3340729334,300,0.10883,0.10063,0.0,0
complete_sp0.0_env0.0_ecm1_14,complete,0.0,0.0,1,14,1344502525,300,0.11199,0.1035,0.0,0
small_world_sp1.0_env0.5_ecm0_16,small_world,1.0,0.5,0,16,1920634187,300,0.72007,0.70184,0.0,0
small_world_sp1.0_env0.5_ecm1_16,small_world,1.0,0.5,1,16,3598162550,300,0.73513,0.69873,0.0,0
small_world_sp1.0_env1.0_ecm0_16,small_world,1.0,1.0,0,16,419832531,300,0.48728,0.47456,0.0,0
small_world_sp0.0_env0.0_ecm1_16,small_world,0.0,0.0,1,16,2313176761,300,0.09094,0.10118,0.0,0
ring_lattice_sp1.0_env0.0_ecm0_16,ring_lattice,1.0,0.0,0,16,3161832411,300,0.85083,0.8,0.0,0
ring_lattice_sp1.0_env0.0_ecm1_16,ring_lattice,1.0,0.0,1,16,427807450,300,0.8855,0.85083,0.0,0
small_world_sp1.0_env1.0_ecm1_16,small_world,1.0,1.0,1,16,1123824215,300,0.57474,0.5686,0.0,0
ring_lattice_sp0.5_env0.0_ecm0_16,ring_lattice,0.5,0.0,0,16,3148908940,300,0.57897,0.55002,0.0,0
ring_lattice_sp0.0_env0.0_ecm0_16,ring_lattice,0.0,0.0,0,16,2821335879,300,0.10474,0.09904,0.0,0
complete_sp1.0_env0.5_ecm1_16,complete,1.0,0.5,1,16,1005307623,300,0.95498,0.95681,0.8952,1
ring_lattice_sp0.5_env0.0_ecm1_16,ring_lattice,0.5,0.0,1,16,33429824,300,0.68108,0.62462,0.0,0
ring_lattice_sp1.0_env0.5_ecm0_16,ring_lattice,1.0,0.5,0,16,58770648,300,0.67596,0.6376,0.0,0
ring_lattice_sp1.0_env1.0_ecm0_16,ring_lattice,1.0,1.0,0,16,548412141,300,0.45708,0.45434,0.0,0
ring_lattice_sp1.0_env0.5_ecm1_16,ring_lattice,1.0,0.5,1,16,1820649447,300,0.72238,0.68575,0.0,0
complete_sp0.5_env0.0_ecm1_16,complete,0.5,0.0,1,16,3541195087,300,0.90893,0.92422,0.7019,1
complete_sp1.0_env0.0_ecm0_17,complete,1.0,0.0,0,17,3574682492,80,1.0,0.72192,0.2019,1
ring_lattice_sp0.0_env0.0_ecm1_16,ring_lattice,0.0,0.0,1,16,1456104455,300,0.09887,0.09909,0.0,0
ring_lattice_sp1.0_env1.0_ecm1_16,ring_lattice,1.0,1.0,1,16,24784212,300,0.52,0.51476,0.0,0
complete_sp1.0_env0.0_ecm1_17,complete,1.0,0.0,1,17,2116403259,71,1.0,0.70267,0.2018,1
complete_sp0.5_env0.0_ecm0_17,complete,0.5,0.0,0,17,62095890,300,0.9357,0.9241,0.7091,1
complete_sp0.0_env0.0_ecm0_17,complete,0.0,0.0,0,17,1907984704,300,0.10278,0.10093,0.0,0
complete_sp1.0_env1.0_ecm1_16,complete,1.0,1.0,1,16,1940885917,300,0.92089,0.91386,0.6549,1
complete_sp1.0_env0.5_ecm0_17,complete,1.0,0.5,0,17,1189881666,300,0.95544,0.95335,0.8968,1
small_world_sp1.0_env0.0_ecm1_17,small_world,1.0,0.0,1,17,2284571322,300,0.88333,0.87491,0.0,0
complete_sp1.0_env1.0_ecm0_17,complete,1.0,1.0,0,17,481252410,300,0.90868,0.88463,0.439,1
small_world_sp1.0_env0.0_ecm0_17,small_world,1.0,0.0,0,17,1087739967,300,0.93592,0.90813,0.7989,0
small_world_sp0.5_env0.0_ecm0_17,small_world,0.5,0.0,0,17,2280657001,300,0.63381,0.58219,0.0,0
small_world_sp0.5_env0.0_ecm1_17,small_world,0.5,0.0,1,17,2577254928,300,0.63982,0.61774,0.0,0
small_world_sp0.0_env0.0_ecm0_17,small_world,0.0,0.0,0,17,4224806000,300,0.10713,0.10519,0.0,0
complete_sp0.0_env0.0_ecm1_15,complete,0.0,0.0,1,15,2048468921,300,0.10858,0.10667,0.0,0
small_world_sp1.0_env0.5_ecm0_17,small_world,1.0,0.5,0,17,2303909777,300,0.64131,0.617,0.0,0
small_world_sp1.0_env0.5_ecm1_17,small_world,1.0,0.5,1,17,1115213289,300,0.75619,0.73465,0.0,0
small_world_sp1.0_env1.0_ecm0_17,small_world,1.0,1.0,0,17,1904231634,300,0.46517,0.46643,0.0,0
small_world_sp0.0_env0.0_ecm1_17,small_world,0.0,0.0,1,17,3738768860,300,0.11356,0.11634,0.0,0
ring_lattice_sp1.0_env0.0_ecm0_17,ring_lattice,1.0,0.0,0,17,475431652,300,0.925,0.91389,0.9454,0
ring_lattice_sp1.0_env0.0_ecm1_17,ring_lattice,1.0,0.0,1,17,2060828743,300,0.975,0.89257,0.426,0
ring_lattice_sp0.5_env0.0_ecm0_17,ring_lattice,0.5,0.0,0,17,4190239835,300,0.6227,0.58925,0.0,0
small_world_sp1.0_env1.0_ecm1_17,small_world,1.0,1.0,1,17,3871839626,300,0.55975,0.55061,0.0,0
ring_lattice_sp0.0_env0.0_ecm0_17,ring_lattice,0.0,0.0,0,17,2623331202,300,0.09517,0.09121,0.0,0
ring_lattice_sp0.5_env0.0_ecm1_17,ring_lattice,0.5,0.0,1,17,2337829301,300,0.60766,0.58877,0.0,0
ring_lattice_sp1.0_env0.5_ecm0_17,ring_lattice,1.0,0.5,0,17,3942531817,300,0.65525,0.62185,0.0,0
ring_lattice_sp1.0_env0.5_ecm1_17,ring_lattice,1.0,0.5,1,17,760289742,300,0.67583,0.65917,0.0,0
ring_lattice_sp1.0_env1.0_ecm0_17,ring_lattice,1.0,1.0,0,17,2712224823,300,0.48724,0.48182,0.0,0
ring_lattice_sp0.0_env0.0_ecm1_17,ring_lattice,0.0,0.0,1,17,191917862,300,0.09719,0.10064,0.0,0
complete_sp1.0_env0.5_ecm1_17,complete,1.0,0.5,1,17,2557630925,300,0.96423,0.95724,0.8983,1
ring_lattice_sp1.0_env1.0_ecm1_17,ring_lattice,1.0,1.0,1,17,3641420316,300,0.45344,0.45394,0.0,0
complete_sp0.5_env0.0_ecm1_17,complete,0.5,0.0,1,17,26289048,300,0.897,0.90554,0.6583,0
complete_sp1.0_env0.0_ecm0_18,complete,1.0,0.0,0,18,3501044502,300,0.91667,0.91552,1.0,0
complete_sp0.5_env0.0_ecm0_18,complete,0.5,0.0,0,18,2468865256,300,0.92995,0.92351,0.7115,1
complete_sp1.0_env1.0_ecm1_17,complete,1.0,1.0,1,17,2075493775,300,0.90345,0.89607,0.5239,0
complete_sp0.0_env0.0_ecm0_18,complete,0.0,0.0,0,18,2924242921,300,0.10298,0.10624,0.0,0
complete_sp1.0_env0.5_ecm0_18,complete,1.0,0.5,0,18,3165259807,300,0.9509,0.93453,0.7973,1
complete_sp0.0_env0.0_ecm1_16,complete,0.0,0.0,1,16,1375355461,300,0.10064,0.10237,0.0,0
complete_sp1.0_env0.0_ecm1_18,complete,1.0,0.0,1,18,1249039983,300,0.975,0.975,1.0,0
small_world_sp1.0_env0.0_ecm0_18,small_world,1.0,0.0,0,18,583181628,300,0.85567,0.83245,0.0,0
small_world_sp1.0_env0.0_ecm1_18,small_world,1.0,0.0,1,18,3392572065,300,0.95,0.90437,0.4414,0
small_world_sp0.5_env0.0_ecm0_18,small_world,0.5,0.0,0,18,1482926199,300,0.62653,0.57665,0.0,0
complete_sp1.0_env1.0_ecm0_18,complete,1.0,1.0,0,18,2029453656,300,0.82507,0.82779,0.1758,0
small_world_sp0.5_env0.0_ecm1_18,small_world,0.5,0.0,1,18,1363294563,300,0.71406,0.68921,0.0,0
small_world_sp0.0_env0.0_ecm0_18,small_world,0.0,0.0,0,18,3890722745,300,0.11866,0.10856,0.0,0
small_world_sp1.0_env0.5_ecm0_18,small_world,1.0,0.5,0,18,3596765160,300,0.62924,0.60793,0.0,0
small_world_sp1.0_env0.5_ecm1_18,small_world,1.0,0.5,1,18,1592486775,300,0.67267,0.64411,0.0,0
small_world_sp1.0_env1.0_ecm0_18,small_world,1.0,1.0,0,18,1617394544,300,0.50978,0.48554,0.0,0
small_world_sp0.0_env0.0_ecm1_18,small_world,0.0,0.0,1,18,2200124233,300,0.10464,0.10334,0.0,0
ring_lattice_sp1.0_env0.0_ecm0_18,ring_lattice,1.0,0.0,0,18,3229690402,300,0.87165,0.81724,0.0,0
small_world_sp1.0_env1.0_ecm1_18,small_world,1.0,1.0,1,18,2746526665,300,0.51571,0.49426,0.0,0
ring_lattice_sp0.5_env0.0_ecm0_18,ring_lattice,0.5,0.0,0,18,56374807,300,0.60089,0.5759,0.0,0
ring_lattice_sp1.0_env0.0_ecm1_18,ring_lattice,1.0,0.0,1,18,3733923343,300,0.85833,0.83645,0.0,0
ring_lattice_sp0.0_env0.0_ecm0_18,ring_lattice,0.0,0.0,0,18,3250784235,300,0.09672,0.09904,0.0,0
ring_lattice_sp0.5_env0.0_ecm1_18,ring_lattice,0.5,0.0,1,18,391680029,300,0.58143,0.56056,0.0,0
complete_sp0.0_env0.0_ecm1_17,complete,0.0,0.0,1,17,3125963815,300,0.10641,0.10662,0.0,0
ring_lattice_sp1.0_env0.5_ecm0_18,ring_lattice,1.0,0.5,0,18,558992732,300,0.62858,0.59433,0.0,0
complete_sp1.0_env0.5_ecm1_18,complete,1.0,0.5,1,18,3780464438,300,0.87553,0.87842,0.4998,0
ring_lattice_sp1.0_env1.0_ecm0_18,ring_lattice,1.0,1.0,0,18,2702758516,300,0.47521,0.44658,0.0,0
ring_lattice_sp1.0_env0.5_ecm1_18,ring_lattice,1.0,0.5,1,18,3097405324,300,0.64073,0.61976,0.0,0
complete_sp0.5_env0.0_ecm1_18,complete,0.5,0.0,1,18,535109422,300,0.90049,0.90332,0.6548,0
ring_lattice_sp0.0_env0.0_ecm1_18,ring_lattice,0.0,0.0,1,18,2766100587,300,0.10392,0.10551,0.0,0
ring_lattice_sp1.0_env1.0_ecm1_18,ring_lattice,1.0,1.0,1,18,3598658446,300,0.51744,0.50807,0.0,0
complete_sp1.0_env0.0_ecm0_19,complete,1.0,0.0,0,19,4042521688,300,0.91667,0.84838,0.1218,0
complete_sp0.5_env0.0_ecm0_19,complete,0.5,0.0,0,19,2399251508,300,0.92572,0.92176,0.6991,1
complete_sp0.0_env0.0_ecm0_19,complete,0.0,0.0,0,19,1765205871,300,0.11909,0.11235,0.0,0
complete_sp1.0_env1.0_ecm1_18,complete,1.0,1.0,1,18,1430575396,300,0.89663,0.89597,0.5232,0
complete_sp1.0_env0.5_ecm0_19,complete,1.0,0.5,0,19,976767192,300,0.93394,0.93021,0.7465,0
small_world_sp1.0_env0.0_ecm1_19,small_world,1.0,0.0,1,19,2544324919,300,0.93783,0.8702,0.237,0
small_world_sp1.0_env0.0_ecm0_19,small_world,1.0,0.0,0,19,997157368,300,0.90908,0.89785,0.3036,0
complete_sp1.0_env0.0_ecm1_19,complete,1.0,0.0,1,19,2115035733,300,0.925,0.925,1.0,0
complete_sp1.0_env1.0_ecm0_19,complete,1.0,1.0,0,19,3825175626,300,0.82475,0.82125,0.1457,0
small_world_sp0.5_env0.0_ecm0_19,small_world,0.5,0.0,0,19,3699341755,300,0.61769,0.60517,0.0,0
small_world_sp0.0_env0.0_ecm0_19,small_world,0.0,0.0,0,19,81861418,300,0.1011,0.10936,0.0,0
small_world_sp0.5_env0.0_ecm1_19,small_world,0.5,0.0,1,19,568962768,300,0.66747,0.65056,0.0,0
small_world_sp1.0_env0.5_ecm1_19,small_world,1.0,0.5,1,19,3120481980,300,0.79271,0.77092,0.0,0
small_world_sp1.0_env0.5_ecm0_19,small_world,1.0,0.5,0,19,878934123,300,0.65504,0.60928,0.0,0
small_world_sp1.0_env1.0_ecm0_19,small_world,1.0,1.0,0,19,3398028823,300,0.47992,0.48849,0.0,0
small_world_sp0.0_env0.0_ecm1_19,small_world,0.0,0.0,1,19,2128285376,300,0.10545,0.1059,0.0,0
ring_lattice_sp1.0_env0.0_ecm0_19,ring_lattice,1.0,0.0,0,19,1929930815,300,0.88308,0.86251,0.0,0
ring_lattice_sp1.0_env0.0_ecm1_19,ring_lattice,1.0,0.0,1,19,457861561,299,1.0,0.89065,0.4508,1
ring_lattice_sp0.5_env0.0_ecm0_19,ring_lattice,0.5,0.0,0,19,2961321110,300,0.57633,0.57382,0.0,0
small_world_sp1.0_env1.0_ecm1_19,small_world,1.0,1.0,1,19,1188466276,300,0.53117,0.52493,0.0,0
ring_lattice_sp0.0_env0.0_ecm0_19,ring_lattice,0.0,0.0,0,19,3863187918,300,0.10032,0.10424,0.0,0
ring_lattice_sp0.5_env0.0_ecm1_19,ring_lattice,0.5,0.0,1,19,434235577,300,0.62047,0.59721,0.0,0
ring_lattice_sp1.0_env0.5_ecm0_19,ring_lattice,1.0,0.5,0,19,1430836121,300,0.6355,0.62598,0.0,0
ring_lattice_sp1.0_env0.5_ecm1_19,ring_lattice,1.0,0.5,1,19,3341448105,300,0.62311,0.60042,0.0,0
ring_lattice_sp1.0_env1.0_ecm0_19,ring_lattice,1.0,1.0,0,19,4170243251,300,0.44776,0.43979,0.0,0
ring_lattice_sp0.0_env0.0_ecm1_19,ring_lattice,0.0,0.0,1,19,4004894296,300,0.10136,0.1028,0.0,0
complete_sp0.5_env0.0_ecm1_19,complete,0.5,0.0,1,19,3078442737,300,0.84155,0.84312,0.5527,0
complete_sp1.0_env0.5_ecm1_19,complete,1.0,0.5,1,19,3188752379,300,0.86123,0.86943,0.4483,0
ring_lattice_sp1.0_env1.0_ecm1_19,ring_lattice,1.0,1.0,1,19,642479312,300,0.47045,0.45229,0.0,0
complete_sp1.0_env1.0_ecm1_19,complete,1.0,1.0,1,19,1763837838,300,0.88984,0.89597,0.5242,0
complete_sp0.0_env0.0_ecm1_18,complete,0.0,0.0,1,18,2755614304,300,0.10718,0.10986,0.0,0
complete_sp0.0_env0.0_ecm1_19,complete,0.0,0.0,1,19,1747078551,300,0.09798,0.10038,0.0,0
