run_id,mutation_scalar,use_ecm,valley_reaper,valley_capacity,seed,generations_run,final_peaks_colonized,time_to_blanket,per_peak_convergence,colonization_source,occupancy_distribution
s0.25_ecm0_top_fitness_vc200_00,0.25,0,top_fitness,200,100906858,500,0,,{},{},"{""2"": 10, ""4"": 10, ""0"": 10, ""1"": 10, ""3"": 10}"
s0.25_ecm0_random_vc200_00,0.25,0,random,200,3167944644,500,0,,{},{},"{""2"": 10, ""4"": 10, ""0"": 10, ""3"": 10, ""1"": 10}"
s0.5_ecm0_top_fitness_vc200_00,0.5,0,top_fitness,200,2664032210,500,1,,"{""2"": 169}","{""2"": ""valley""}","{""2"": 10, ""0"": 10, ""4"": 10, ""3"": 10, ""1"": 10}"
s0.5_ecm0_random_vc200_00,0.5,0,random,200,3086093321,500,0,,{},{},"{""2"": 10, ""4"": 10, ""0"": 10, ""3"": 10, ""1"": 10}"
s0.25_ecm1_top_fitness_vc200_00,0.25,1,top_fitness,200,3092321545,500,0,,{},{},"{""2"": 10, ""4"": 10, ""0"": 10, ""3"": 10, ""1"": 10}"
s1.0_ecm0_top_fitness_vc200_00,1.0,0,top_fitness,200,2112227751,500,1,,"{""3"": 237}","{""3"": ""valley""}","{""2"": 10, ""4"": 10, ""0"": 10, ""1"": 10, ""3"": 10}"
s1.0_ecm0_random_vc200_00,1.0,0,random,200,2648033333,500,0,,{},{},"{""2"": 10, ""0"": 10, ""4"": 10, ""1"": 10, ""3"": 10}"
s0.5_ecm1_top_fitness_vc200_00,0.5,1,top_fitness,200,474412586,500,2,,"{""2"": 154, ""1"": 486}","{""2"": ""valley"", ""1"": ""in_situ""}","{""2"": 10, ""4"": 10, ""0"": 10, ""1"": 10, ""3"": 10}"
s1.5_ecm0_top_fitness_vc200_00,1.5,0,top_fitness,200,726639360,500,0,,{},{},"{""2"": 10, ""0"": 10, ""4"": 10, ""1"": 10, ""3"": 10}"
s0.25_ecm1_random_vc200_00,0.25,1,random,200,2803556601,500,0,,{},{},"{""2"": 10, ""4"": 10, ""0"": 10, ""1"": 10, ""3"": 10}"
s1.5_ecm0_random_vc200_00,1.5,0,random,200,1797389309,500,0,,{},{},"{""2"": 10, ""0"": 10, ""4"": 10, ""1"": 10, ""3"": 10}"
s0.25_ecm0_top_fitness_vc200_01,0.25,0,top_fitness,200,2912607345,500,1,,"{""2"": 190}","{""2"": ""valley""}","{""2"": 10, ""4"": 10, ""0"": 10, ""3"": 10, ""1"": 10}"
s0.25_ecm1_top_fitness_vc200_01,0.25,1,top_fitness,200,336537025,500,0,,{},{},"{""2"": 10, ""0"": 10, ""4"": 10, ""3"": 10, ""1"": 10}"
s0.25_ecm0_random_vc200_01,0.25,0,random,200,3589776529,500,0,,{},{},"{""2"": 10, ""4"": 10, ""0"": 10, ""3"": 10, ""1"": 10}"
s1.0_ecm1_top_fitness_vc200_00,1.0,1,top_fitness,200,3703731537,500,2,,"{""1"": 153, ""4"": 484}","{""1"": ""in_situ"", ""4"": ""in_situ""}","{""2"": 10, ""0"": 10, ""4"": 10, ""1"": 10, ""3"": 10}"
s0.25_ecm1_random_vc200_01,0.25,1,random,200,732402950,500,0,,{},{},"{""2"": 10, ""4"": 10, ""0"": 10, ""3"": 10, ""1"": 10}"
s0.5_ecm1_random_vc200_00,0.5,1,random,200,3399197960,500,1,,"{""4"": 434}","{""4"": ""in_situ""}","{""2"": 10, ""4"": 10, ""0"": 10, ""1"": 10, ""3"": 10}"
s0.5_ecm0_top_fitness_vc200_01,0.5,0,top_fitness,200,413820638,500,1,,"{""2"": 242}","{""2"": ""in_situ""}","{""2"": 10, ""4"": 10, ""0"": 10, ""1"": 10, ""3"": 10}"
s0.5_ecm1_top_fitness_vc200_01,0.5,1,top_fitness,200,3076142795,500,0,,{},{},"{""2"": 10, ""4"": 10, ""0"": 10, ""1"": 10, ""3"": 10}"
s0.5_ecm0_random_vc200_01,0.5,0,random,200,2259773869,500,0,,{},{},"{""2"": 10, ""0"": 10, ""4"": 10, ""1"": 10, ""3"": 10}"
s1.0_ecm0_top_fitness_vc200_01,1.0,0,top_fitness,200,3085126100,500,1,,"{""2"": 237}","{""2"": ""valley""}","{""0"": 10, ""4"": 10, ""3"": 10, ""2"": 10, ""1"": 10}"
s1.0_ecm0_random_vc200_01,1.0,0,random,200,3345028494,500,0,,{},{},"{""2"": 10, ""0"": 10, ""4"": 10, ""3"": 10, ""1"": 10}"
s1.5_ecm1_top_fitness_vc200_00,1.5,1,top_fitness,200,3019019569,500,1,,"{""1"": 196}","{""1"": ""valley""}","{""2"": 10, ""0"": 10, ""4"": 10, ""1"": 10, ""3"": 10}"
s0.5_ecm1_random_vc200_01,0.5,1,random,200,10720510,500,2,,"{""2"": 300, ""0"": 460}","{""2"": ""in_situ"", ""0"": ""in_situ""}","{""2"": 10, ""4"": 10, ""0"": 10, ""1"": 10, ""3"": 10}"
s1.5_ecm0_top_fitness_vc200_01,1.5,0,top_fitness,200,2748112562,500,0,,{},{},"{""2"": 10, ""4"": 10, ""0"": 10, ""1"": 10, ""3"": 10}"
s1.0_ecm1_top_fitness_vc200_01,1.0,1,top_fitness,200,3034498380,500,1,,"{""1"": 315}","{""1"": ""valley""}","{""2"": 10, ""4"": 10, ""0"": 10, ""3"": 10, ""1"": 10}"
s1.5_ecm0_random_vc200_01,1.5,0,random,200,4156062387,500,0,,{},{},"{""2"": 10, ""3"": 10, ""4"": 10, ""0"": 10, ""1"": 10}"
s0.25_ecm1_top_fitness_vc200_02,0.25,1,top_fitness,200,1351810289,500,0,,{},{},"{""2"": 10, ""4"": 10, ""0"": 10, ""1"": 10, ""3"": 10}"
s0.25_ecm0_top_fitness_vc200_02,0.25,0,top_fitness,200,3367743268,500,1,,"{""2"": 273}","{""2"": ""in_situ""}","{""2"": 10, ""4"": 10, ""0"": 10, ""1"": 10, ""3"": 10}"
s0.25_ecm0_random_vc200_02,0.25,0,random,200,1136758708,500,1,,"{""1"": 395}","{""1"": ""valley""}","{""2"": 10, ""4"": 10, ""0"": 10, ""3"": 10, ""1"": 10}"
s1.5_ecm1_top_fitness_vc200_01,1.5,1,top_fitness,200,644358543,500,0,,{},{},"{""0"": 10, ""2"": 10, ""4"": 10, ""3"": 10, ""1"": 10}"
s0.25_ecm1_random_vc200_02,0.25,1,random,200,3433464397,500,0,,{},{},"{""2"": 10, ""4"": 10, ""0"": 10, ""3"": 10, ""1"": 10}"
s1.0_ecm1_random_vc200_00,1.0,1,random,200,4233746792,500,0,,{},{},"{""2"": 10, ""0"": 10, ""4"": 10, ""3"": 10, ""1"": 10}"
s0.5_ecm1_top_fitness_vc200_02,0.5,1,top_fitness,200,1149243220,500,2,,"{""2"": 154, ""1"": 476}","{""2"": ""valley"", ""1"": ""in_situ""}","{""2"": 10, ""4"": 10, ""0"": 10, ""1"": 10, ""3"": 10}"
s0.5_ecm0_top_fitness_vc200_02,0.5,0,top_fitness,200,4039683453,500,1,,"{""2"": 147}","{""2"": ""valley""}","{""2"": 10, ""0"": 10, ""4"": 10, ""3"": 10, ""1"": 10}"
s0.5_ecm0_random_vc200_02,0.5,0,random,200,3258657322,500,0,,{},{},"{""2"": 10, ""4"": 10, ""0"": 10, ""3"": 10, ""1"": 10}"
s1.0_ecm0_top_fitness_vc200_02,1.0,0,top_fitness,200,1215814123,500,1,,"{""2"": 198}","{""2"": ""valley""}","{""2"": 10, ""4"": 10, ""0"": 10, ""1"": 10, ""3"": 10}"
s1.0_ecm0_random_vc200_02,1.0,0,random,200,1290986798,500,0,,{},{},"{""2"": 10, ""0"": 10, ""4"": 10, ""1"": 10, ""3"": 10}"
s1.0_ecm1_top_fitness_vc200_02,1.0,1,top_fitness,200,2315738657,500,2,,"{""1"": 231, ""3"": 472}","{""1"": ""in_situ"", ""3"": ""in_situ""}","{""2"": 10, ""0"": 10, ""4"": 10, ""1"": 10, ""3"": 10}"
s1.0_ecm1_random_vc200_01,1.0,1,random,200,3755608473,500,1,,"{""1"": 338}","{""1"": ""valley""}","{""2"": 10, ""4"": 10, ""0"": 10, ""1"": 10, ""3"": 10}"
s0.5_ecm1_random_vc200_02,0.5,1,random,200,22958112,500,2,,"{""1"": 339, ""2"": 359}","{""1"": ""in_situ"", ""2"": ""in_situ""}","{""2"": 10, ""4"": 10, ""0"": 10, ""1"": 10, ""3"": 10}"
s1.5_ecm0_top_fitness_vc200_02,1.5,0,top_fitness,200,66063927,500,0,,{},{},"{""2"": 10, ""0"": 10, ""4"": 10, ""1"": 10, ""3"": 10}"
s1.5_ecm0_random_vc200_02,1.5,0,random,200,2617017221,500,0,,{},{},"{""2"": 10, ""3"": 10, ""0"": 10, ""4"": 10, ""1"": 10}"
s0.25_ecm0_top_fitness_vc200_03,0.25,0,top_fitness,200,2081920663,500,1,,"{""2"": 240}","{""2"": ""valley""}","{""2"": 10, ""4"": 10, ""0"": 10, ""3"": 10, ""1"": 10}"
s0.25_ecm1_top_fitness_vc200_03,0.25,1,top_fitness,200,3424254966,500,1,,"{""2"": 133}","{""2"": ""valley""}","{""2"": 10, ""4"": 10, ""0"": 10, ""1"": 10, ""3"": 10}"
s0.25_ecm0_random_vc200_03,0.25,0,random,200,4041579818,500,1,,"{""2"": 365}","{""2"": ""in_situ""}","{""2"": 10, ""4"": 10, ""0"": 10, ""3"": 10, ""1"": 10}"
s0.25_ecm1_random_vc200_03,0.25,1,random,200,728753793,500,0,,{},{},"{""2"": 10, ""4"": 10, ""0"": 10, ""3"": 10, ""1"": 10}"
s0.5_ecm1_top_fitness_vc200_03,0.5,1,top_fitness,200,4216201379,500,1,,"{""2"": 165}","{""2"": ""valley""}","{""2"": 10, ""0"": 10, ""4"": 10, ""3"": 10, ""1"": 10}"
s0.5_ecm0_top_fitness_vc200_03,0.5,0,top_fitness,200,320763903,500,0,,{},{},"{""2"": 10, ""4"": 10, ""0"": 10, ""1"": 10, ""3"": 10}"
s0.5_ecm0_random_vc200_03,0.5,0,random,200,4294244638,500,0,,{},{},"{""2"": 10, ""4"": 10, ""0"": 10, ""1"": 10, ""3"": 10}"
s1.5_ecm1_random_vc200_00,1.5,1,random,200,108853817,500,0,,{},{},"{""2"": 10, ""0"": 10, ""4"": 10, ""3"": 10, ""1"": 10}"
s1.5_ecm1_top_fitness_vc200_02,1.5,1,top_fitness,200,743029134,500,1,,"{""1"": 191}","{""1"": ""in_situ""}","{""2"": 10, ""0"": 10, ""4"": 10, ""1"": 10, ""3"": 10}"
s1.0_ecm0_top_fitness_vc200_03,1.0,0,top_fitness,200,4272618145,500,1,,"{""2"": 235}","{""2"": ""in_situ""}","{""2"": 10, ""0"": 10, ""4"": 10, ""1"": 10, ""3"": 10}"
s1.0_ecm0_random_vc200_03,1.0,0,random,200,487985458,500,0,,{},{},"{""2"": 10, ""0"": 10, ""4"": 10, ""1"": 10, ""3"": 10}"
s0.5_ecm1_random_vc200_03,0.5,1,random,200,3220257171,500,1,,"{""1"": 255}","{""1"": ""in_situ""}","{""2"": 10, ""4"": 10, ""0"": 10, ""1"": 10, ""3"": 10}"
s1.0_ecm1_random_vc200_02,1.0,1,random,200,2992172473,500,2,,"{""1"": 385, ""3"": 403}","{""1"": ""in_situ"", ""3"": ""valley""}","{""2"": 10, ""4"": 10, ""0"": 10, ""1"": 10, ""3"": 10}"
s1.0_ecm1_top_fitness_vc200_03,1.0,1,top_fitness,200,1004438960,500,1,,"{""2"": 137}","{""2"": ""valley""}","{""2"": 10, ""4"": 10, ""0"": 10, ""3"": 10, ""1"": 10}"
s1.5_ecm1_random_vc200_01,1.5,1,random,200,1772776676,500,0,,{},{},"{""2"": 10, ""4"": 10, ""0"": 10, ""3"": 10, ""1"": 10}"
s1.5_ecm0_top_fitness_vc200_03,1.5,0,top_fitness,200,4252960613,500,0,,{},{},"{""2"": 10, ""1"": 10, ""0"": 10, ""3"": 10, ""4"": 10}"
s1.5_ecm0_random_vc200_03,1.5,0,random,200,98283587,500,0,,{},{},"{""2"": 10, ""0"": 10, ""4"": 10, ""1"": 10, ""3"": 10}"
s0.25_ecm0_top_fitness_vc200_04,0.25,0,top_fitness,200,2643609396,500,0,,{},{},"{""2"": 10, ""0"": 10, ""4"": 10, ""1"": 10, ""3"": 10}"
s0.25_ecm1_top_fitness_vc200_04,0.25,1,top_fitness,200,4051022079,500,1,,"{""1"": 307}","{""1"": ""valley""}","{""2"": 10, ""4"": 10, ""0"": 10, ""1"": 10, ""3"": 10}"
s0.25_ecm0_random_vc200_04,0.25,0,random,200,504885130,500,1,,"{""3"": 471}","{""3"": ""in_situ""}","{""2"": 10, ""4"": 10, ""0"": 10, ""1"": 10, ""3"": 10}"
s0.5_ecm0_top_fitness_vc200_04,0.5,0,top_fitness,200,306463856,500,1,,"{""2"": 162}","{""2"": ""in_situ""}","{""2"": 10, ""4"": 10, ""0"": 10, ""1"": 10, ""3"": 10}"
s0.25_ecm1_random_vc200_04,0.25,1,random,200,1641512387,500,1,,"{""3"": 422}","{""3"": ""valley""}","{""2"": 10, ""4"": 10, ""0"": 10, ""3"": 10, ""1"": 10}"
s0.5_ecm0_random_vc200_04,0.5,0,random,200,617958119,500,0,,{},{},"{""2"": 10, ""4"": 10, ""0"": 10, ""1"": 10, ""3"": 10}"
s0.5_ecm1_top_fitness_vc200_04,0.5,1,top_fitness,200,3141854906,500,0,,{},{},"{""2"": 10, ""4"": 10, ""0"": 10, ""1"": 10, ""3"": 10}"
s1.0_ecm0_top_fitness_vc200_04,1.0,0,top_fitness,200,1884465340,500,1,,"{""1"": 310}","{""1"": ""valley""}","{""2"": 10, ""4"": 10, ""0"": 10, ""1"": 10, ""3"": 10}"
s1.0_ecm0_random_vc200_04,1.0,0,random,200,45676801,500,0,,{},{},"{""2"": 10, ""4"": 10, ""0"": 10, ""1"": 10, ""3"": 10}"
s1.5_ecm1_top_fitness_vc200_03,1.5,1,top_fitness,200,3544898253,500,1,,"{""1"": 293}","{""1"": ""valley""}","{""0"": 10, ""2"": 10, ""4"": 10, ""3"": 10, ""1"": 10}"
s1.0_ecm1_top_fitness_vc200_04,1.0,1,top_fitness,200,1363617823,500,1,,"{""2"": 183}","{""2"": ""valley""}","{""2"": 10, ""3"": 10, ""4"": 10, ""1"": 10, ""0"": 10}"
s0.5_ecm1_random_vc200_04,0.5,1,random,200,2201396954,500,0,,{},{},"{""2"": 10, ""4"": 10, ""0"": 10, ""1"": 10, ""3"": 10}"
s1.5_ecm0_top_fitness_vc200_04,1.5,0,top_fitness,200,1987073873,500,0,,{},{},"{""2"": 10, ""4"": 10, ""1"": 10, ""3"": 10, ""0"": 10}"
s1.5_ecm0_random_vc200_04,1.5,0,random,200,4011285720,500,0,,{},{},"{""2"": 10, ""0"": 10, ""4"": 10, ""1"": 10, ""3"": 10}"
s1.5_ecm1_random_vc200_02,1.5,1,random,200,3644564493,500,1,,"{""1"": 327}","{""1"": ""in_situ""}","{""2"": 10, ""0"": 10, ""4"": 10, ""3"": 10, ""1"": 10}"
s0.25_ecm1_top_fitness_vc200_05,0.25,1,top_fitness,200,3448836651,500,1,,"{""2"": 170}","{""2"": ""valley""}","{""2"": 10, ""4"": 10, ""0"": 10, ""1"": 10, ""3"": 10}"
s1.0_ecm1_random_vc200_03,1.0,1,random,200,920488044,500,1,,"{""1"": 412}","{""1"": ""in_situ""}","{""2"": 10, ""4"": 10, ""0"": 10, ""1"": 10, ""3"": 10}"
s0.25_ecm0_top_fitness_vc200_05,0.25,0,top_fitness,200,3513021084,500,0,,{},{},"{""2"": 10, ""1"": 10, ""3"": 10, ""0"": 10, ""4"": 10}"
s0.25_ecm0_random_vc200_05,0.25,0,random,200,3652169703,500,0,,{},{},"{""2"": 10, ""4"": 10, ""0"": 10, ""1"": 10, ""3"": 10}"
s0.5_ecm0_top_fitness_vc200_05,0.5,0,top_fitness,200,814637960,500,1,,"{""2"": 354}","{""2"": ""valley""}","{""2"": 10, ""0"": 10, ""4"": 10, ""3"": 10, ""1"": 10}"
s0.5_ecm1_top_fitness_vc200_05,0.5,1,top_fitness,200,2808783455,500,1,,"{""2"": 143}","{""2"": ""valley""}","{""2"": 10, ""4"": 10, ""0"": 10, ""3"": 10, ""1"": 10}"
s0.25_ecm1_random_vc200_05,0.25,1,random,200,243256524,500,2,,"{""1"": 251, ""2"": 488}","{""1"": ""valley"", ""2"": ""in_situ""}","{""2"": 10, ""4"": 10, ""0"": 10, ""3"": 10, ""1"": 10}"
s0.5_ecm0_random_vc200_05,0.5,0,random,200,1130852886,500,0,,{},{},"{""2"": 10, ""4"": 10, ""0"": 10, ""1"": 10, ""3"": 10}"
s1.0_ecm0_top_fitness_vc200_05,1.0,0,top_fitness,200,3160005718,500,0,,{},{},"{""2"": 10, ""1"": 10, ""4"": 10, ""0"": 10, ""3"": 10}"
s1.0_ecm0_random_vc200_05,1.0,0,random,200,166156610,500,0,,{},{},"{""2"": 10, ""0"": 10, ""4"": 10, ""1"": 10, ""3"": 10}"
s1.5_ecm1_top_fitness_vc200_04,1.5,1,top_fitness,200,1955987765,500,1,,"{""1"": 165}","{""1"": ""valley""}","{""2"": 10, ""1"": 10, ""0"": 10, ""4"": 10, ""3"": 10}"
s1.0_ecm1_random_vc200_04,1.0,1,random,200,308924224,500,2,,"{""1"": 327, ""2"": 454}","{""1"": ""in_situ"", ""2"": ""in_situ""}","{""2"": 10, ""4"": 10, ""0"": 10, ""3"": 10, ""1"": 10}"
s1.5_ecm1_random_vc200_03,1.5,1,random,200,620764155,500,0,,{},{},"{""2"": 10, ""4"": 10, ""3"": 10, ""1"": 10, ""0"": 10}"
s1.0_ecm1_top_fitness_vc200_05,1.0,1,top_fitness,200,80125085,500,0,,{},{},"{""2"": 10, ""4"": 10, ""0"": 10, ""1"": 10, ""3"": 10}"
s0.5_ecm1_random_vc200_05,0.5,1,random,200,1733529175,500,1,,"{""0"": 424}","{""0"": ""in_situ""}","{""2"": 10, ""4"": 10, ""0"": 10, ""3"": 10, ""1"": 10}"
s1.5_ecm0_top_fitness_vc200_05,1.5,0,top_fitness,200,2291983659,500,0,,{},{},"{""2"": 10, ""3"": 10, ""0"": 10, ""4"": 10, ""1"": 10}"
s1.5_ecm0_random_vc200_05,1.5,0,random,200,3690156821,500,0,,{},{},"{""2"": 10, ""0"": 10, ""4"": 10, ""3"": 10, ""1"": 10}"
s0.25_ecm0_top_fitness_vc200_06,0.25,0,top_fitness,200,3819099505,500,0,,{},{},"{""2"": 10, ""4"": 10, ""0"": 10, ""3"": 10, ""1"": 10}"
s0.25_ecm1_top_fitness_vc200_06,0.25,1,top_fitness,200,2739090663,500,1,,"{""1"": 468}","{""1"": ""in_situ""}","{""2"": 10, ""4"": 10, ""0"": 10, ""3"": 10, ""1"": 10}"
s0.25_ecm0_random_vc200_06,0.25,0,random,200,4166810269,500,1,,"{""1"": 497}","{""1"": ""valley""}","{""2"": 10, ""1"": 10, ""0"": 10, ""3"": 10, ""4"": 10}"
s0.5_ecm0_top_fitness_vc200_06,0.5,0,top_fitness,200,905553683,500,1,,"{""3"": 331}","{""3"": ""valley""}","{""2"": 10, ""4"": 10, ""0"": 10, ""1"": 10, ""3"": 10}"
s0.25_ecm1_random_vc200_06,0.25,1,random,200,234052315,500,1,,"{""2"": 304}","{""2"": ""in_situ""}","{""2"": 10, ""4"": 10, ""0"": 10, ""3"": 10, ""1"": 10}"
s0.5_ecm0_random_vc200_06,0.5,0,random,200,1410826023,500,0,,{},{},"{""2"": 10, ""4"": 10, ""0"": 10, ""1"": 10, ""3"": 10}"
s0.5_ecm1_top_fitness_vc200_06,0.5,1,top_fitness,200,1923796317,500,1,,"{""1"": 227}","{""1"": ""valley""}","{""2"": 10, ""1"": 10, ""4"": 10, ""3"": 10, ""0"": 10}"
s1.0_ecm0_top_fitness_vc200_06,1.0,0,top_fitness,200,2545672503,500,0,,{},{},"{""2"": 10, ""0"": 10, ""4"": 10, ""1"": 10, ""3"": 10}"
s1.0_ecm0_random_vc200_06,1.0,0,random,200,1013387728,500,0,,{},{},"{""2"": 10, ""4"": 10, ""0"": 10, ""1"": 10, ""3"": 10}"
s1.0_ecm1_top_fitness_vc200_06,1.0,1,top_fitness,200,4225267170,500,2,,"{""2"": 183, ""3"": 488}","{""2"": ""valley"", ""3"": ""in_situ""}","{""2"": 10, ""4"": 10, ""0"": 10, ""1"": 10, ""3"": 10}"
s0.5_ecm1_random_vc200_06,0.5,1,random,200,4179238094,500,1,,"{""1"": 405}","{""1"": ""valley""}","{""2"": 10, ""0"": 10, ""4"": 10, ""3"": 10, ""1"": 10}"
s1.5_ecm1_top_fitness_vc200_05,1.5,1,top_fitness,200,2863480459,500,1,,"{""1"": 344}","{""1"": ""valley""}","{""2"": 10, ""4"": 10, ""0"": 10, ""3"": 10, ""1"": 10}"
s1.5_ecm0_top_fitness_vc200_06,1.5,0,top_fitness,200,2801455771,500,0,,{},{},"{""2"": 10, ""0"": 10, ""4"": 10, ""1"": 10, ""3"": 10}"
s1.5_ecm0_random_vc200_06,1.5,0,random,200,1856114531,500,0,,{},{},"{""2"": 10, ""4"": 10, ""1"": 10, ""3"": 10, ""0"": 10}"
s0.25_ecm1_top_fitness_vc200_07,0.25,1,top_fitness,200,2277114728,500,1,,"{""2"": 178}","{""2"": ""valley""}","{""2"": 10, ""0"": 10, ""4"": 10, ""3"": 10, ""1"": 10}"
s1.5_ecm1_random_vc200_04,1.5,1,random,200,3849040498,500,0,,{},{},"{""2"": 10, ""3"": 10, ""0"": 10, ""4"": 10, ""1"": 10}"
s0.25_ecm0_top_fitness_vc200_07,0.25,0,top_fitness,200,834818734,500,1,,"{""2"": 218}","{""2"": ""valley""}","{""2"": 10, ""4"": 10, ""0"": 10, ""3"": 10, ""1"": 10}"
s0.25_ecm0_random_vc200_07,0.25,0,random,200,2416570065,500,0,,{},{},"{""2"": 10, ""4"": 10, ""0"": 10, ""1"": 10, ""3"": 10}"
s1.0_ecm1_random_vc200_05,1.0,1,random,200,3581379896,500,2,,"{""3"": 297, ""4"": 495}","{""3"": ""in_situ"", ""4"": ""valley""}","{""2"": 10, ""1"": 10, ""3"": 10, ""4"": 10, ""0"": 10}"
s0.25_ecm1_random_vc200_07,0.25,1,random,200,3190056696,500,1,,"{""1"": 372}","{""1"": ""valley""}","{""2"": 10, ""4"": 10, ""0"": 10, ""1"": 10, ""3"": 10}"
s1.5_ecm1_top_fitness_vc200_06,1.5,1,top_fitness,200,1606787427,500,0,,{},{},"{""2"": 10, ""1"": 10, ""4"": 10, ""3"": 10, ""0"": 10}"
s0.5_ecm0_top_fitness_vc200_07,0.5,0,top_fitness,200,2788353235,500,1,,"{""2"": 196}","{""2"": ""in_situ""}","{""2"": 10, ""4"": 10, ""0"": 10, ""3"": 10, ""1"": 10}"
s0.5_ecm0_random_vc200_07,0.5,0,random,200,2750521497,500,0,,{},{},"{""0"": 10, ""2"": 10, ""4"": 10, ""3"": 10, ""1"": 10}"
s0.5_ecm1_top_fitness_vc200_07,0.5,1,top_fitness,200,2026392352,500,1,,"{""2"": 146}","{""2"": ""valley""}","{""2"": 10, ""4"": 10, ""0"": 10, ""3"": 10, ""1"": 10}"
s1.0_ecm0_top_fitness_vc200_07,1.0,0,top_fitness,200,1893484659,500,0,,{},{},"{""2"": 10, ""4"": 10, ""0"": 10, ""1"": 10, ""3"": 10}"
s1.0_ecm0_random_vc200_07,1.0,0,random,200,675088256,500,0,,{},{},"{""2"": 10, ""0"": 10, ""4"": 10, ""3"": 10, ""1"": 10}"
s1.0_ecm1_random_vc200_06,1.0,1,random,200,709989296,500,2,,"{""1"": 320, ""3"": 373}","{""1"": ""in_situ"", ""3"": ""in_situ""}","{""2"": 10, ""0"": 10, ""4"": 10, ""3"": 10, ""1"": 10}"
s1.5_ecm0_top_fitness_vc200_07,1.5,0,top_fitness,200,3034463494,500,0,,{},{},"{""2"": 10, ""4"": 10, ""3"": 10, ""0"": 10, ""1"": 10}"
s1.5_ecm1_random_vc200_05,1.5,1,random,200,2823724755,500,0,,{},{},"{""2"": 10, ""4"": 10, ""3"": 10, ""0"": 10, ""1"": 10}"
s0.5_ecm1_random_vc200_07,0.5,1,random,200,212554224,500,1,,"{""1"": 277}","{""1"": ""in_situ""}","{""2"": 10, ""4"": 10, ""0"": 10, ""1"": 10, ""3"": 10}"
s1.0_ecm1_top_fitness_vc200_07,1.0,1,top_fitness,200,729000994,500,2,,"{""0"": 188, ""3"": 431}","{""0"": ""valley"", ""3"": ""in_situ""}","{""2"": 10, ""0"": 10, ""4"": 10, ""3"": 10, ""1"": 10}"
s1.5_ecm0_random_vc200_07,1.5,0,random,200,2575335127,500,0,,{},{},"{""2"": 10, ""4"": 10, ""0"": 10, ""1"": 10, ""3"": 10}"
s0.25_ecm0_top_fitness_vc200_08,0.25,0,top_fitness,200,3413537702,500,1,,"{""2"": 167}","{""2"": ""valley""}","{""2"": 10, ""4"": 10, ""0"": 10, ""1"": 10, ""3"": 10}"
s0.25_ecm1_top_fitness_vc200_08,0.25,1,top_fitness,200,1258158024,500,0,,{},{},"{""2"": 10, ""4"": 10, ""0"": 10, ""3"": 10, ""1"": 10}"
s0.25_ecm0_random_vc200_08,0.25,0,random,200,889232775,500,1,,"{""2"": 462}","{""2"": ""in_situ""}","{""2"": 10, ""4"": 10, ""0"": 10, ""1"": 10, ""3"": 10}"
s0.5_ecm0_top_fitness_vc200_08,0.5,0,top_fitness,200,2914023401,500,0,,{},{},"{""2"": 10, ""4"": 10, ""0"": 10, ""3"": 10, ""1"": 10}"
s0.25_ecm1_random_vc200_08,0.25,1,random,200,1686261972,500,1,,"{""1"": 438}","{""1"": ""valley""}","{""2"": 10, ""4"": 10, ""0"": 10, ""3"": 10, ""1"": 10}"
s0.5_ecm0_random_vc200_08,0.5,0,random,200,3003030800,500,1,,"{""3"": 495}","{""3"": ""in_situ""}","{""2"": 10, ""4"": 10, ""0"": 10, ""1"": 10, ""3"": 10}"
s0.5_ecm1_top_fitness_vc200_08,0.5,1,top_fitness,200,3900211252,500,3,,"{""2"": 161, ""1"": 430, ""0"": 454}","{""2"": ""in_situ"", ""1"": ""in_situ"", ""0"": ""in_situ""}","{""2"": 10, ""4"": 10, ""0"": 10, ""3"": 10, ""1"": 10}"
s1.0_ecm0_top_fitness_vc200_08,1.0,0,top_fitness,200,879259596,500,0,,{},{},"{""2"": 10, ""0"": 10, ""4"": 10, ""1"": 10, ""3"": 10}"
s1.5_ecm1_top_fitness_vc200_07,1.5,1,top_fitness,200,3929917766,500,1,,"{""1"": 175}","{""1"": ""valley""}","{""1"": 10, ""0"": 10, ""2"": 10, ""3"": 10, ""4"": 10}"
s1.0_ecm0_random_vc200_08,1.0,0,random,200,1928171146,500,0,,{},{},"{""2"": 10, ""0"": 10, ""4"": 10, ""1"": 10, ""3"": 10}"
s0.5_ecm1_random_vc200_08,0.5,1,random,200,2389291056,500,0,,{},{},"{""2"": 10, ""4"": 10, ""0"": 10, ""1"": 10, ""3"": 10}"
s1.0_ecm1_top_fitness_vc200_08,1.0,1,top_fitness,200,4269850747,500,1,,"{""1"": 175}","{""1"": ""valley""}","{""2"": 10, ""4"": 10, ""3"": 10, ""0"": 10, ""1"": 10}"
s1.5_ecm0_top_fitness_vc200_08,1.5,0,top_fitness,200,2704171552,500,1,,"{""1"": 468}","{""1"": ""in_situ""}","{""2"": 10, ""0"": 10, ""4"": 10, ""3"": 10, ""1"": 10}"
s1.0_ecm1_random_vc200_07,1.0,1,random,200,111175885,500,2,,"{""1"": 262, ""4"": 457}","{""1"": ""in_situ"", ""4"": ""in_situ""}","{""2"": 10, ""4"": 10, ""1"": 10, ""3"": 10, ""0"": 10}"
s1.5_ecm0_random_vc200_08,1.5,0,random,200,3393225154,500,0,,{},{},"{""2"": 10, ""0"": 10, ""3"": 10, ""1"": 10, ""4"": 10}"
s0.25_ecm1_top_fitness_vc200_09,0.25,1,top_fitness,200,3798082375,500,0,,{},{},"{""2"": 10, ""4"": 10, ""0"": 10, ""3"": 10, ""1"": 10}"
s0.25_ecm0_top_fitness_vc200_09,0.25,0,top_fitness,200,3438447788,500,1,,"{""2"": 364}","{""2"": ""valley""}","{""2"": 10, ""4"": 10, ""0"": 10, ""1"": 10, ""3"": 10}"
s0.25_ecm0_random_vc200_09,0.25,0,random,200,189390844,500,1,,"{""2"": 364}","{""2"": ""in_situ""}","{""2"": 10, ""4"": 10, ""0"": 10, ""3"": 10, ""1"": 10}"
s0.25_ecm1_random_vc200_09,0.25,1,random,200,1577762701,500,1,,"{""1"": 298}","{""1"": ""valley""}","{""2"": 10, ""4"": 10, ""0"": 10, ""3"": 10, ""1"": 10}"
s0.5_ecm1_top_fitness_vc200_09,0.5,1,top_fitness,200,400473670,500,1,,"{""1"": 475}","{""1"": ""in_situ""}","{""2"": 10, ""4"": 10, ""0"": 10, ""1"": 10, ""3"": 10}"
s0.5_ecm0_top_fitness_vc200_09,0.5,0,top_fitness,200,2927526083,500,2,,"{""1"": 236, ""2"": 498}","{""1"": ""valley"", ""2"": ""in_situ""}","{""2"": 10, ""4"": 10, ""0"": 10, ""1"": 10, ""3"": 10}"
s0.5_ecm0_random_vc200_09,0.5,0,random,200,1412504827,500,1,,"{""4"": 477}","{""4"": ""in_situ""}","{""2"": 10, ""4"": 10, ""0"": 10, ""1"": 10, ""3"": 10}"
s1.5_ecm1_random_vc200_06,1.5,1,random,200,950889860,500,1,,"{""1"": 448}","{""1"": ""in_situ""}","{""4"": 10, ""2"": 10, ""1"": 10, ""3"": 10, ""0"": 10}"
s1.5_ecm1_top_fitness_vc200_08,1.5,1,top_fitness,200,3556711029,500,1,,"{""1"": 194}","{""1"": ""in_situ""}","{""2"": 10, ""1"": 10, ""4"": 10, ""0"": 10, ""3"": 10}"
s1.0_ecm0_top_fitness_vc200_09,1.0,0,top_fitness,200,3866830014,500,1,,"{""2"": 450}","{""2"": ""valley""}","{""2"": 10, ""1"": 10, ""4"": 10, ""0"": 10, ""3"": 10}"
s1.0_ecm0_random_vc200_09,1.0,0,random,200,320475869,500,0,,{},{},"{""2"": 10, ""4"": 10, ""0"": 10, ""1"": 10, ""3"": 10}"
s0.5_ecm1_random_vc200_09,0.5,1,random,200,3428774348,500,2,,"{""3"": 284, ""1"": 492}","{""3"": ""in_situ"", ""1"": ""valley""}","{""2"": 10, ""0"": 10, ""4"": 10, ""3"": 10, ""1"": 10}"
s1.0_ecm1_top_fitness_vc200_09,1.0,1,top_fitness,200,3643920522,500,1,,"{""1"": 147}","{""1"": ""valley""}","{""2"": 10, ""0"": 10, ""4"": 10, ""1"": 10, ""3"": 10}"
s1.0_ecm1_random_vc200_08,1.0,1,random,200,633822637,500,2,,"{""1"": 312, ""3"": 467}","{""1"": ""in_situ"", ""3"": ""in_situ""}","{""2"": 10, ""4"": 10, ""0"": 10, ""3"": 10, ""1"": 10}"
s1.5_ecm0_top_fitness_vc200_09,1.5,0,top_fitness,200,2759940737,500,0,,{},{},"{""2"": 10, ""0"": 10, ""4"": 10, ""1"": 10, ""3"": 10}"
s1.5_ecm0_random_vc200_09,1.5,0,random,200,1845853193,500,0,,{},{},"{""2"": 10, ""3"": 10, ""4"": 10, ""1"": 10, ""0"": 10}"
s0.25_ecm1_top_fitness_vc200_10,0.25,1,top_fitness,200,3815058731,500,1,,"{""2"": 195}","{""2"": ""valley""}","{""2"": 10, ""4"": 10, ""0"": 10, ""3"": 10, ""1"": 10}"
s1.5_ecm1_random_vc200_07,1.5,1,random,200,436630196,500,1,,"{""1"": 487}","{""1"": ""in_situ""}","{""2"": 10, ""4"": 10, ""3"": 10, ""0"": 10, ""1"": 10}"
s0.25_ecm0_top_fitness_vc200_10,0.25,0,top_fitness,200,2765206857,500,0,,{},{},"{""2"": 10, ""4"": 10, ""0"": 10, ""3"": 10, ""1"": 10}"
s0.25_ecm0_random_vc200_10,0.25,0,random,200,1475784196,500,0,,{},{},"{""2"": 10, ""0"": 10, ""4"": 10, ""3"": 10, ""1"": 10}"
s0.5_ecm0_top_fitness_vc200_10,0.5,0,top_fitness,200,4284090654,500,0,,{},{},"{""2"": 10, ""4"": 10, ""0"": 10, ""1"": 10, ""3"": 10}"
s0.25_ecm1_random_vc200_10,0.25,1,random,200,2991237822,500,0,,{},{},"{""2"": 10, ""4"": 10, ""0"": 10, ""1"": 10, ""3"": 10}"
s0.5_ecm0_random_vc200_10,0.5,0,random,200,3472176341,500,1,,"{""1"": 492}","{""1"": ""in_situ""}","{""2"": 10, ""4"": 10, ""0"": 10, ""3"": 10, ""1"": 10}"
s0.5_ecm1_top_fitness_vc200_10,0.5,1,top_fitness,200,3209594733,500,2,,"{""4"": 465, ""1"": 491}","{""4"": ""in_situ"", ""1"": ""in_situ""}","{""2"": 10, ""4"": 10, ""0"": 10, ""3"": 10, ""1"": 10}"
s1.0_ecm0_top_fitness_vc200_10,1.0,0,top_fitness,200,1781952193,500,1,,"{""2"": 283}","{""2"": ""valley""}","{""2"": 10, ""4"": 10, ""0"": 10, ""3"": 10, ""1"": 10}"
s1.5_ecm1_top_fitness_vc200_09,1.5,1,top_fitness,200,91904692,500,0,,{},{},"{""2"": 10, ""4"": 10, ""0"": 10, ""1"": 10, ""3"": 10}"
s1.0_ecm0_random_vc200_10,1.0,0,random,200,2149191576,500,0,,{},{},"{""2"": 10, ""4"": 10, ""0"": 10, ""3"": 10, ""1"": 10}"
s0.5_ecm1_random_vc200_10,0.5,1,random,200,3260923106,500,3,,"{""1"": 323, ""2"": 455, ""4"": 462}","{""1"": ""in_situ"", ""2"": ""in_situ"", ""4"": ""valley""}","{""2"": 10, ""4"": 10, ""0"": 10, ""1"": 10, ""3"": 10}"
s1.0_ecm1_top_fitness_vc200_10,1.0,1,top_fitness,200,1961831291,500,2,,"{""2"": 209, ""1"": 494}","{""2"": ""valley"", ""1"": ""in_situ""}","{""2"": 10, ""4"": 10, ""0"": 10, ""1"": 10, ""3"": 10}"
s1.5_ecm0_top_fitness_vc200_10,1.5,0,top_fitness,200,1157053663,500,0,,{},{},"{""2"": 10, ""0"": 10, ""1"": 10, ""3"": 10, ""4"": 10}"
s1.5_ecm0_random_vc200_10,1.5,0,random,200,2642239833,500,0,,{},{},"{""2"": 10, ""4"": 10, ""0"": 10, ""3"": 10, ""1"": 10}"
s1.0_ecm1_random_vc200_09,1.0,1,random,200,3636976445,500,1,,"{""1"": 483}","{""1"": ""in_situ""}","{""2"": 10, ""0"": 10, ""4"": 10, ""1"": 10, ""3"": 10}"
s1.5_ecm1_random_vc200_08,1.5,1,random,200,162355743,500,0,,{},{},"{""2"": 10, ""4"": 10, ""0"": 10, ""1"": 10, ""3"": 10}"
s0.25_ecm1_top_fitness_vc200_11,0.25,1,top_fitness,200,4122758803,500,2,,"{""2"": 222, ""1"": 452}","{""2"": ""valley"", ""1"": ""in_situ""}","{""2"": 10, ""0"": 10, ""4"": 10, ""3"": 10, ""1"": 10}"
s0.25_ecm0_top_fitness_vc200_11,0.25,0,top_fitness,200,2101404849,500,0,,{},{},"{""2"": 10, ""4"": 10, ""0"": 10, ""3"": 10, ""1"": 10}"
s0.25_ecm0_random_vc200_11,0.25,0,random,200,2627452288,500,0,,{},{},"{""2"": 10, ""4"": 10, ""0"": 10, ""3"": 10, ""1"": 10}"
s0.5_ecm0_top_fitness_vc200_11,0.5,0,top_fitness,200,2636996878,500,0,,{},{},"{""0"": 10, ""2"": 10, ""4"": 10, ""3"": 10, ""1"": 10}"
s0.5_ecm1_top_fitness_vc200_11,0.5,1,top_fitness,200,3338144554,500,1,,"{""4"": 491}","{""4"": ""in_situ""}","{""2"": 10, ""4"": 10, ""0"": 10, ""1"": 10, ""3"": 10}"
s0.5_ecm0_random_vc200_11,0.5,0,random,200,3986891946,500,2,,"{""3"": 443, ""2"": 497}","{""3"": ""in_situ"", ""2"": ""in_situ""}","{""2"": 10, ""4"": 10, ""0"": 10, ""1"": 10, ""3"": 10}"
s0.25_ecm1_random_vc200_11,0.25,1,random,200,2775190248,500,2,,"{""4"": 366, ""2"": 428}","{""4"": ""in_situ"", ""2"": ""valley""}","{""2"": 10, ""4"": 10, ""0"": 10, ""1"": 10, ""3"": 10}"
s1.0_ecm0_top_fitness_vc200_11,1.0,0,top_fitness,200,111423450,500,0,,{},{},"{""2"": 10, ""4"": 10, ""0"": 10, ""1"": 10, ""3"": 10}"
s1.0_ecm0_random_vc200_11,1.0,0,random,200,2466879576,500,0,,{},{},"{""2"": 10, ""4"": 10, ""3"": 10, ""1"": 10, ""0"": 10}"
s1.5_ecm1_top_fitness_vc200_10,1.5,1,top_fitness,200,3710252110,500,1,,"{""1"": 198}","{""1"": ""valley""}","{""2"": 10, ""0"": 10, ""4"": 10, ""3"": 10, ""1"": 10}"
s1.0_ecm1_top_fitness_vc200_11,1.0,1,top_fitness,200,3716219615,500,1,,"{""1"": 405}","{""1"": ""in_situ""}","{""2"": 10, ""0"": 10, ""4"": 10, ""1"": 10, ""3"": 10}"
s0.5_ecm1_random_vc200_11,0.5,1,random,200,1471935291,500,2,,"{""2"": 376, ""1"": 447}","{""2"": ""in_situ"", ""1"": ""valley""}","{""2"": 10, ""4"": 10, ""0"": 10, ""1"": 10, ""3"": 10}"
s1.5_ecm0_top_fitness_vc200_11,1.5,0,top_fitness,200,3020139720,500,0,,{},{},"{""2"": 10, ""0"": 10, ""4"": 10, ""3"": 10, ""1"": 10}"
s1.5_ecm0_random_vc200_11,1.5,0,random,200,2418591311,500,0,,{},{},"{""0"": 10, ""2"": 10, ""4"": 10, ""3"": 10, ""1"": 10}"
s1.5_ecm1_random_vc200_09,1.5,1,random,200,945988991,500,0,,{},{},"{""2"": 10, ""0"": 10, ""4"": 10, ""3"": 10, ""1"": 10}"
s0.25_ecm1_top_fitness_vc200_12,0.25,1,top_fitness,200,978753216,500,1,,"{""1"": 352}","{""1"": ""valley""}","{""2"": 10, ""4"": 10, ""0"": 10, ""1"": 10, ""3"": 10}"
s0.25_ecm0_top_fitness_vc200_12,0.25,0,top_fitness,200,577517215,500,1,,"{""2"": 226}","{""2"": ""in_situ""}","{""2"": 10, ""4"": 10, ""0"": 10, ""3"": 10, ""1"": 10}"
s0.25_ecm0_random_vc200_12,0.25,0,random,200,1759040359,500,1,,"{""2"": 410}","{""2"": ""valley""}","{""2"": 10, ""4"": 10, ""0"": 10, ""3"": 10, ""1"": 10}"
s1.0_ecm1_random_vc200_10,1.0,1,random,200,1964351107,500,1,,"{""4"": 439}","{""4"": ""in_situ""}","{""2"": 10, ""4"": 10, ""3"": 10, ""1"": 10, ""0"": 10}"
s0.5_ecm0_top_fitness_vc200_12,0.5,0,top_fitness,200,3505169339,500,1,,"{""2"": 248}","{""2"": ""in_situ""}","{""2"": 10, ""4"": 10, ""3"": 10, ""0"": 10, ""1"": 10}"
s0.25_ecm1_random_vc200_12,0.25,1,random,200,1559411870,500,0,,{},{},"{""2"": 10, ""4"": 10, ""0"": 10, ""3"": 10, ""1"": 10}"
s0.5_ecm0_random_vc200_12,0.5,0,random,200,496757626,500,1,,"{""2"": 448}","{""2"": ""in_situ""}","{""2"": 10, ""4"": 10, ""0"": 10, ""1"": 10, ""3"": 10}"
s0.5_ecm1_top_fitness_vc200_12,0.5,1,top_fitness,200,3523855287,500,2,,"{""2"": 174, ""1"": 405}","{""2"": ""valley"", ""1"": ""in_situ""}","{""2"": 10, ""4"": 10, ""0"": 10, ""3"": 10, ""1"": 10}"
s1.0_ecm0_top_fitness_vc200_12,1.0,0,top_fitness,200,4204555079,500,1,,"{""2"": 262}","{""2"": ""valley""}","{""2"": 10, ""4"": 10, ""0"": 10, ""1"": 10, ""3"": 10}"
s1.5_ecm1_top_fitness_vc200_11,1.5,1,top_fitness,200,3113707461,500,1,,"{""1"": 330}","{""1"": ""valley""}","{""2"": 10, ""4"": 10, ""3"": 10, ""0"": 10, ""1"": 10}"
s1.0_ecm0_random_vc200_12,1.0,0,random,200,27397977,500,0,,{},{},"{""2"": 10, ""4"": 10, ""0"": 10, ""1"": 10, ""3"": 10}"
s1.0_ecm1_top_fitness_vc200_12,1.0,1,top_fitness,200,2279111170,500,1,,"{""2"": 224}","{""2"": ""valley""}","{""2"": 10, ""4"": 10, ""0"": 10, ""1"": 10, ""3"": 10}"
s1.0_ecm1_random_vc200_11,1.0,1,random,200,1977113851,500,1,,"{""3"": 316}","{""3"": ""in_situ""}","{""2"": 10, ""4"": 10, ""0"": 10, ""3"": 10, ""1"": 10}"
s0.5_ecm1_random_vc200_12,0.5,1,random,200,3695715697,500,1,,"{""1"": 148}","{""1"": ""in_situ""}","{""2"": 10, ""0"": 10, ""4"": 10, ""1"": 10, ""3"": 10}"
s1.5_ecm0_top_fitness_vc200_12,1.5,0,top_fitness,200,2926978603,500,0,,{},{},"{""2"": 10, ""4"": 10, ""0"": 10, ""1"": 10, ""3"": 10}"
s1.5_ecm0_random_vc200_12,1.5,0,random,200,4255191227,500,0,,{},{},"{""2"": 10, ""1"": 10, ""4"": 10, ""0"": 10, ""3"": 10}"
s0.25_ecm1_top_fitness_vc200_13,0.25,1,top_fitness,200,3286408975,500,1,,"{""2"": 286}","{""2"": ""in_situ""}","{""2"": 10, ""4"": 10, ""0"": 10, ""3"": 10, ""1"": 10}"
s0.25_ecm0_top_fitness_vc200_13,0.25,0,top_fitness,200,455864882,500,1,,"{""4"": 247}","{""4"": ""valley""}","{""2"": 10, ""4"": 10, ""0"": 10, ""3"": 10, ""1"": 10}"
s0.25_ecm0_random_vc200_13,0.25,0,random,200,1043578335,500,0,,{},{},"{""2"": 10, ""4"": 10, ""0"": 10, ""1"": 10, ""3"": 10}"
s0.25_ecm1_random_vc200_13,0.25,1,random,200,4191342101,500,2,,"{""1"": 384, ""3"": 422}","{""1"": ""in_situ"", ""3"": ""in_situ""}","{""2"": 10, ""4"": 10, ""0"": 10, ""3"": 10, ""1"": 10}"
s1.5_ecm1_random_vc200_10,1.5,1,random,200,1231689749,500,1,,"{""1"": 473}","{""1"": ""valley""}","{""2"": 10, ""4"": 10, ""3"": 10, ""0"": 10, ""1"": 10}"
s0.5_ecm0_top_fitness_vc200_13,0.5,0,top_fitness,200,4044520495,500,1,,"{""2"": 156}","{""2"": ""valley""}","{""2"": 10, ""0"": 10, ""4"": 10, ""3"": 10, ""1"": 10}"
s0.5_ecm0_random_vc200_13,0.5,0,random,200,978698705,500,0,,{},{},"{""2"": 10, ""4"": 10, ""0"": 10, ""3"": 10, ""1"": 10}"
s0.5_ecm1_top_fitness_vc200_13,0.5,1,top_fitness,200,382046614,500,2,,"{""2"": 158, ""1"": 302}","{""2"": ""valley"", ""1"": ""in_situ""}","{""2"": 10, ""4"": 10, ""0"": 10, ""1"": 10, ""3"": 10}"
s1.0_ecm0_top_fitness_vc200_13,1.0,0,top_fitness,200,549315278,500,0,,{},{},"{""2"": 10, ""0"": 10, ""4"": 10, ""3"": 10, ""1"": 10}"
s1.5_ecm1_top_fitness_vc200_12,1.5,1,top_fitness,200,4052572667,500,1,,"{""1"": 292}","{""1"": ""valley""}","{""2"": 10, ""0"": 10, ""4"": 10, ""1"": 10, ""3"": 10}"
s1.0_ecm0_random_vc200_13,1.0,0,random,200,566929008,500,0,,{},{},"{""2"": 10, ""0"": 10, ""1"": 10, ""3"": 10, ""4"": 10}"
s0.5_ecm1_random_vc200_13,0.5,1,random,200,3212009157,500,1,,"{""1"": 323}","{""1"": ""in_situ""}","{""2"": 10, ""4"": 10, ""0"": 10, ""1"": 10, ""3"": 10}"
s1.0_ecm1_top_fitness_vc200_13,1.0,1,top_fitness,200,545168721,500,2,,"{""1"": 190, ""2"": 385}","{""1"": ""valley"", ""2"": ""in_situ""}","{""2"": 10, ""4"": 10, ""0"": 10, ""1"": 10, ""3"": 10}"
s1.0_ecm1_random_vc200_12,1.0,1,random,200,119126687,500,0,,{},{},"{""2"": 10, ""4"": 10, ""0"": 10, ""3"": 10, ""1"": 10}"
s1.5_ecm0_top_fitness_vc200_13,1.5,0,top_fitness,200,1162381611,500,0,,{},{},"{""2"": 10, ""1"": 10, ""4"": 10, ""0"": 10, ""3"": 10}"
s1.5_ecm0_random_vc200_13,1.5,0,random,200,3995089631,500,0,,{},{},"{""2"": 10, ""0"": 10, ""4"": 10, ""1"": 10, ""3"": 10}"
s1.5_ecm1_random_vc200_11,1.5,1,random,200,1156847683,500,0,,{},{},"{""2"": 10, ""4"": 10, ""0"": 10, ""3"": 10, ""1"": 10}"
s0.25_ecm0_top_fitness_vc200_14,0.25,0,top_fitness,200,3727991088,500,0,,{},{},"{""2"": 10, ""0"": 10, ""4"": 10, ""3"": 10, ""1"": 10}"
s0.25_ecm1_top_fitness_vc200_14,0.25,1,top_fitness,200,3930663054,500,1,,"{""1"": 486}","{""1"": ""valley""}","{""2"": 10, ""4"": 10, ""0"": 10, ""3"": 10, ""1"": 10}"
s0.25_ecm0_random_vc200_14,0.25,0,random,200,1044711986,500,1,,"{""4"": 494}","{""4"": ""in_situ""}","{""2"": 10, ""4"": 10, ""0"": 10, ""3"": 10, ""1"": 10}"
s0.5_ecm0_top_fitness_vc200_14,0.5,0,top_fitness,200,1123166269,500,0,,{},{},"{""2"": 10, ""4"": 10, ""0"": 10, ""3"": 10, ""1"": 10}"
s0.25_ecm1_random_vc200_14,0.25,1,random,200,1698759047,500,2,,"{""0"": 282, ""1"": 352}","{""0"": ""in_situ"", ""1"": ""valley""}","{""2"": 10, ""4"": 10, ""0"": 10, ""3"": 10, ""1"": 10}"
s0.5_ecm1_top_fitness_vc200_14,0.5,1,top_fitness,200,2524215077,500,1,,"{""2"": 178}","{""2"": ""in_situ""}","{""2"": 10, ""4"": 10, ""0"": 10, ""3"": 10, ""1"": 10}"
s0.5_ecm0_random_vc200_14,0.5,0,random,200,405525740,500,1,,"{""4"": 488}","{""4"": ""in_situ""}","{""2"": 10, ""4"": 10, ""0"": 10, ""1"": 10, ""3"": 10}"
s1.5_ecm1_top_fitness_vc200_13,1.5,1,top_fitness,200,2558230500,500,0,,{},{},"{""2"": 10, ""0"": 10, ""3"": 10, ""4"": 10, ""1"": 10}"
s1.0_ecm0_top_fitness_vc200_14,1.0,0,top_fitness,200,3656751233,500,2,,"{""2"": 248, ""1"": 446}","{""2"": ""valley"", ""1"": ""in_situ""}","{""2"": 10, ""0"": 10, ""4"": 10, ""3"": 10, ""1"": 10}"
s1.0_ecm0_random_vc200_14,1.0,0,random,200,4168107308,500,0,,{},{},"{""2"": 10, ""1"": 10, ""3"": 10, ""0"": 10, ""4"": 10}"
s0.5_ecm1_random_vc200_14,0.5,1,random,200,2143287099,500,2,,"{""3"": 448, ""1"": 457}","{""3"": ""in_situ"", ""1"": ""in_situ""}","{""2"": 10, ""4"": 10, ""0"": 10, ""3"": 10, ""1"": 10}"
s1.0_ecm1_top_fitness_vc200_14,1.0,1,top_fitness,200,1982796152,500,1,,"{""4"": 458}","{""4"": ""in_situ""}","{""2"": 10, ""4"": 10, ""0"": 10, ""1"": 10, ""3"": 10}"
s1.5_ecm0_top_fitness_vc200_14,1.5,0,top_fitness,200,1313656315,500,0,,{},{},"{""2"": 10, ""3"": 10, ""1"": 10, ""0"": 10, ""4"": 10}"
s1.0_ecm1_random_vc200_13,1.0,1,random,200,4135330469,500,1,,"{""1"": 384}","{""1"": ""in_situ""}","{""2"": 10, ""4"": 10, ""0"": 10, ""1"": 10, ""3"": 10}"
s1.5_ecm0_random_vc200_14,1.5,0,random,200,4225825050,500,0,,{},{},"{""2"": 10, ""3"": 10, ""4"": 10, ""1"": 10, ""0"": 10}"
s0.25_ecm0_top_fitness_vc200_15,0.25,0,top_fitness,200,3718289914,500,0,,{},{},"{""2"": 10, ""4"": 10, ""0"": 10, ""3"": 10, ""1"": 10}"
s1.5_ecm1_random_vc200_12,1.5,1,random,200,4118015926,500,1,,"{""1"": 436}","{""1"": ""in_situ""}","{""2"": 10, ""4"": 10, ""3"": 10, ""0"": 10, ""1"": 10}"
s0.25_ecm1_top_fitness_vc200_15,0.25,1,top_fitness,200,1653173613,500,1,,"{""3"": 452}","{""3"": ""in_situ""}","{""2"": 10, ""4"": 10, ""0"": 10, ""3"": 10, ""1"": 10}"
s0.25_ecm0_random_vc200_15,0.25,0,random,200,4178347397,500,0,,{},{},"{""2"": 10, ""4"": 10, ""0"": 10, ""3"": 10, ""1"": 10}"
s0.5_ecm0_top_fitness_vc200_15,0.5,0,top_fitness,200,1328184975,500,1,,"{""2"": 164}","{""2"": ""valley""}","{""2"": 10, ""4"": 10, ""0"": 10, ""1"": 10, ""3"": 10}"
s0.25_ecm1_random_vc200_15,0.25,1,random,200,2157033434,500,0,,{},{},"{""2"": 10, ""4"": 10, ""0"": 10, ""3"": 10, ""1"": 10}"
s0.5_ecm1_top_fitness_vc200_15,0.5,1,top_fitness,200,3439920422,500,1,,"{""2"": 132}","{""2"": ""valley""}","{""2"": 10, ""4"": 10, ""0"": 10, ""3"": 10, ""1"": 10}"
s0.5_ecm0_random_vc200_15,0.5,0,random,200,3195223705,500,0,,{},{},"{""2"": 10, ""4"": 10, ""0"": 10, ""3"": 10, ""1"": 10}"
s1.0_ecm0_top_fitness_vc200_15,1.0,0,top_fitness,200,2331823332,500,1,,"{""4"": 441}","{""4"": ""in_situ""}","{""2"": 10, ""4"": 10, ""3"": 10, ""0"": 10, ""1"": 10}"
s1.5_ecm1_top_fitness_vc200_14,1.5,1,top_fitness,200,2340992401,500,1,,"{""1"": 222}","{""1"": ""in_situ""}","{""2"": 10, ""0"": 10, ""4"": 10, ""3"": 10, ""1"": 10}"
s1.0_ecm0_random_vc200_15,1.0,0,random,200,2088613637,500,0,,{},{},"{""2"": 10, ""4"": 10, ""0"": 10, ""3"": 10, ""1"": 10}"
s1.5_ecm1_random_vc200_13,1.5,1,random,200,92860622,500,1,,"{""1"": 390}","{""1"": ""in_situ""}","{""2"": 10, ""0"": 10, ""4"": 10, ""3"": 10, ""1"": 10}"
s1.0_ecm1_top_fitness_vc200_15,1.0,1,top_fitness,200,1010125221,500,1,,"{""3"": 482}","{""3"": ""in_situ""}","{""2"": 10, ""0"": 10, ""4"": 10, ""3"": 10, ""1"": 10}"
s1.5_ecm0_top_fitness_vc200_15,1.5,0,top_fitness,200,1446947342,500,0,,{},{},"{""2"": 10, ""0"": 10, ""4"": 10, ""3"": 10, ""1"": 10}"
s0.5_ecm1_random_vc200_15,0.5,1,random,200,3194997559,500,1,,"{""1"": 355}","{""1"": ""in_situ""}","{""2"": 10, ""1"": 10, ""4"": 10, ""0"": 10, ""3"": 10}"
s1.5_ecm0_random_vc200_15,1.5,0,random,200,2156086463,500,0,,{},{},"{""1"": 10, ""3"": 10, ""0"": 10, ""4"": 10, ""2"": 10}"
s1.0_ecm1_random_vc200_14,1.0,1,random,200,3063524427,500,0,,{},{},"{""2"": 10, ""4"": 10, ""0"": 10, ""1"": 10, ""3"": 10}"
s0.25_ecm0_top_fitness_vc200_16,0.25,0,top_fitness,200,435974425,500,0,,{},{},"{""2"": 10, ""4"": 10, ""0"": 10, ""1"": 10, ""3"": 10}"
s0.25_ecm0_random_vc200_16,0.25,0,random,200,595743999,500,0,,{},{},"{""1"": 10, ""3"": 10, ""2"": 10, ""4"": 10, ""0"": 10}"
s0.25_ecm1_top_fitness_vc200_16,0.25,1,top_fitness,200,4130792664,500,2,,"{""0"": 168, ""1"": 355}","{""0"": ""valley"", ""1"": ""in_situ""}","{""2"": 10, ""4"": 10, ""0"": 10, ""3"": 10, ""1"": 10}"
s0.5_ecm0_top_fitness_vc200_16,0.5,0,top_fitness,200,3587980943,500,1,,"{""2"": 151}","{""2"": ""valley""}","{""2"": 10, ""4"": 10, ""0"": 10, ""3"": 10, ""1"": 10}"
s0.25_ecm1_random_vc200_16,0.25,1,random,200,304334577,500,0,,{},{},"{""2"": 10, ""4"": 10, ""0"": 10, ""3"": 10, ""1"": 10}"
s0.5_ecm1_top_fitness_vc200_16,0.5,1,top_fitness,200,125970118,500,2,,"{""2"": 143, ""1"": 379}","{""2"": ""valley"", ""1"": ""in_situ""}","{""2"": 10, ""4"": 10, ""0"": 10, ""3"": 10, ""1"": 10}"
s0.5_ecm0_random_vc200_16,0.5,0,random,200,1407703767,500,1,,"{""3"": 446}","{""3"": ""in_situ""}","{""2"": 10, ""0"": 10, ""4"": 10, ""1"": 10, ""3"": 10}"
s1.0_ecm0_top_fitness_vc200_16,1.0,0,top_fitness,200,3918352046,500,0,,{},{},"{""2"": 10, ""0"": 10, ""4"": 10, ""1"": 10, ""3"": 10}"
s1.5_ecm1_top_fitness_vc200_15,1.5,1,top_fitness,200,2452772502,500,1,,"{""1"": 285}","{""1"": ""in_situ""}","{""2"": 10, ""0"": 10, ""4"": 10, ""1"": 10, ""3"": 10}"
s1.0_ecm0_random_vc200_16,1.0,0,random,200,4143357440,500,0,,{},{},"{""2"": 10, ""3"": 10, ""0"": 10, ""4"": 10, ""1"": 10}"
s1.5_ecm1_random_vc200_14,1.5,1,random,200,2774223150,500,0,,{},{},"{""2"": 10, ""0"": 10, ""4"": 10, ""1"": 10, ""3"": 10}"
s0.5_ecm1_random_vc200_16,0.5,1,random,200,882631264,500,2,,"{""1"": 468, ""0"": 480}","{""1"": ""in_situ"", ""0"": ""in_situ""}","{""0"": 10, ""2"": 10, ""4"": 10, ""3"": 10, ""1"": 10}"
s1.0_ecm1_top_fitness_vc200_16,1.0,1,top_fitness,200,3291668003,500,1,,"{""1"": 153}","{""1"": ""in_situ""}","{""2"": 10, ""4"": 10, ""0"": 10, ""1"": 10, ""3"": 10}"
s1.5_ecm0_top_fitness_vc200_16,1.5,0,top_fitness,200,558072159,500,0,,{},{},"{""2"": 10, ""4"": 10, ""0"": 10, ""1"": 10, ""3"": 10}"
s1.5_ecm0_random_vc200_16,1.5,0,random,200,3621404263,500,0,,{},{},"{""2"": 10, ""4"": 10, ""0"": 10, ""1"": 10, ""3"": 10}"
s1.0_ecm1_random_vc200_15,1.0,1,random,200,3695074722,500,0,,{},{},"{""2"": 10, ""4"": 10, ""0"": 10, ""1"": 10, ""3"": 10}"
s0.25_ecm0_top_fitness_vc200_17,0.25,0,top_fitness,200,3729955209,500,1,,"{""2"": 172}","{""2"": ""valley""}","{""2"": 10, ""4"": 10, ""0"": 10, ""3"": 10, ""1"": 10}"
s0.25_ecm1_top_fitness_vc200_17,0.25,1,top_fitness,200,3466462438,500,1,,"{""1"": 491}","{""1"": ""valley""}","{""2"": 10, ""4"": 10, ""0"": 10, ""1"": 10, ""3"": 10}"
s0.25_ecm0_random_vc200_17,0.25,0,random,200,856649037,500,0,,{},{},"{""2"": 10, ""4"": 10, ""0"": 10, ""1"": 10, ""3"": 10}"
s0.5_ecm0_top_fitness_vc200_17,0.5,0,top_fitness,200,2717561410,500,0,,{},{},"{""2"": 10, ""0"": 10, ""4"": 10, ""1"": 10, ""3"": 10}"
s0.25_ecm1_random_vc200_17,0.25,1,random,200,1896525194,500,1,,"{""2"": 341}","{""2"": ""valley""}","{""2"": 10, ""4"": 10, ""0"": 10, ""3"": 10, ""1"": 10}"
s0.5_ecm1_top_fitness_vc200_17,0.5,1,top_fitness,200,267383779,500,2,,"{""2"": 175, ""3"": 481}","{""2"": ""valley"", ""3"": ""in_situ""}","{""2"": 10, ""4"": 10, ""0"": 10, ""3"": 10, ""1"": 10}"
s0.5_ecm0_random_vc200_17,0.5,0,random,200,4064223325,500,0,,{},{},"{""2"": 10, ""0"": 10, ""4"": 10, ""3"": 10, ""1"": 10}"
s1.0_ecm0_top_fitness_vc200_17,1.0,0,top_fitness,200,1498817160,500,1,,"{""3"": 485}","{""3"": ""in_situ""}","{""2"": 10, ""3"": 10, ""1"": 10, ""4"": 10, ""0"": 10}"
s1.0_ecm0_random_vc200_17,1.0,0,random,200,1169000147,500,0,,{},{},"{""2"": 10, ""4"": 10, ""0"": 10, ""3"": 10, ""1"": 10}"
s1.5_ecm1_top_fitness_vc200_16,1.5,1,top_fitness,200,3176508750,500,1,,"{""1"": 206}","{""1"": ""valley""}","{""2"": 10, ""4"": 10, ""0"": 10, ""3"": 10, ""1"": 10}"
s0.5_ecm1_random_vc200_17,0.5,1,random,200,1441349737,500,0,,{},{},"{""2"": 10, ""0"": 10, ""4"": 10, ""3"": 10, ""1"": 10}"
s1.0_ecm1_top_fitness_vc200_17,1.0,1,top_fitness,200,4044094123,500,2,,"{""2"": 183, ""1"": 499}","{""2"": ""valley"", ""1"": ""in_situ""}","{""2"": 10, ""4"": 10, ""0"": 10, ""3"": 10, ""1"": 10}"
s1.5_ecm0_top_fitness_vc200_17,1.5,0,top_fitness,200,1724363902,500,0,,{},{},"{""2"": 10, ""1"": 10, ""3"": 10, ""4"": 10, ""0"": 10}"
s1.5_ecm0_random_vc200_17,1.5,0,random,200,345607278,500,0,,{},{},"{""2"": 10, ""4"": 10, ""0"": 10, ""1"": 10, ""3"": 10}"
s1.0_ecm1_random_vc200_16,1.0,1,random,200,1478825427,500,0,,{},{},"{""2"": 10, ""0"": 10, ""4"": 10, ""1"": 10, ""3"": 10}"
s0.25_ecm0_top_fitness_vc200_18,0.25,0,top_fitness,200,2365551282,500,1,,"{""1"": 348}","{""1"": ""valley""}","{""2"": 10, ""4"": 10, ""0"": 10, ""3"": 10, ""1"": 10}"
s0.25_ecm1_top_fitness_vc200_18,0.25,1,top_fitness,200,3125693816,500,0,,{},{},"{""2"": 10, ""4"": 10, ""0"": 10, ""3"": 10, ""1"": 10}"
s1.5_ecm1_random_vc200_15,1.5,1,random,200,2660901973,500,0,,{},{},"{""2"": 10, ""0"": 10, ""4"": 10, ""3"": 10, ""1"": 10}"
s0.25_ecm0_random_vc200_18,0.25,0,random,200,3894439106,500,1,,"{""2"": 487}","{""2"": ""in_situ""}","{""2"": 10, ""4"": 10, ""0"": 10, ""3"": 10, ""1"": 10}"
s0.25_ecm1_random_vc200_18,0.25,1,random,200,3129952255,500,1,,"{""1"": 488}","{""1"": ""in_situ""}","{""2"": 10, ""4"": 10, ""0"": 10, ""3"": 10, ""1"": 10}"
s0.5_ecm0_top_fitness_vc200_18,0.5,0,top_fitness,200,681677534,500,1,,"{""2"": 166}","{""2"": ""valley""}","{""2"": 10, ""0"": 10, ""4"": 10, ""3"": 10, ""1"": 10}"
s0.5_ecm1_top_fitness_vc200_18,0.5,1,top_fitness,200,2615287483,500,1,,"{""2"": 146}","{""2"": ""valley""}","{""2"": 10, ""4"": 10, ""0"": 10, ""3"": 10, ""1"": 10}"
s0.5_ecm0_random_vc200_18,0.5,0,random,200,556643820,500,2,,"{""1"": 401, ""3"": 487}","{""1"": ""in_situ"", ""3"": ""valley""}","{""2"": 10, ""0"": 10, ""4"": 10, ""3"": 10, ""1"": 10}"
s1.0_ecm0_top_fitness_vc200_18,1.0,0,top_fitness,200,1194879119,500,1,,"{""1"": 417}","{""1"": ""valley""}","{""2"": 10, ""4"": 10, ""0"": 10, ""3"": 10, ""1"": 10}"
s1.5_ecm1_top_fitness_vc200_17,1.5,1,top_fitness,200,1702911251,500,1,,"{""1"": 164}","{""1"": ""valley""}","{""2"": 10, ""4"": 10, ""3"": 10, ""0"": 10, ""1"": 10}"
s1.0_ecm0_random_vc200_18,1.0,0,random,200,4240565370,500,0,,{},{},"{""2"": 10, ""4"": 10, ""0"": 10, ""3"": 10, ""1"": 10}"
s1.0_ecm1_top_fitness_vc200_18,1.0,1,top_fitness,200,1287009641,500,1,,"{""0"": 460}","{""0"": ""in_situ""}","{""2"": 10, ""4"": 10, ""1"": 10, ""0"": 10, ""3"": 10}"
s0.5_ecm1_random_vc200_18,0.5,1,random,200,2139970102,500,3,,"{""1"": 233, ""3"": 408, ""4"": 414}","{""1"": ""in_situ"", ""3"": ""in_situ"", ""4"": ""in_situ""}","{""2"": 10, ""4"": 10, ""0"": 10, ""3"": 10, ""1"": 10}"
s1.0_ecm1_random_vc200_17,1.0,1,random,200,1724882154,500,1,,"{""1"": 477}","{""1"": ""in_situ""}","{""2"": 10, ""0"": 10, ""4"": 10, ""1"": 10, ""3"": 10}"
s1.5_ecm0_top_fitness_vc200_18,1.5,0,top_fitness,200,4254488244,500,0,,{},{},"{""0"": 10, ""4"": 10, ""2"": 10, ""1"": 10, ""3"": 10}"
s1.5_ecm0_random_vc200_18,1.5,0,random,200,1526051015,500,0,,{},{},"{""0"": 10, ""2"": 10, ""4"": 10, ""3"": 10, ""1"": 10}"
s0.25_ecm0_top_fitness_vc200_19,0.25,0,top_fitness,200,3092122296,500,1,,"{""2"": 139}","{""2"": ""valley""}","{""2"": 10, ""4"": 10, ""0"": 10, ""3"": 10, ""1"": 10}"
s0.25_ecm1_top_fitness_vc200_19,0.25,1,top_fitness,200,259054187,500,1,,"{""2"": 131}","{""2"": ""valley""}","{""2"": 10, ""4"": 10, ""0"": 10, ""3"": 10, ""1"": 10}"
s0.25_ecm0_random_vc200_19,0.25,0,random,200,795599677,500,0,,{},{},"{""2"": 10, ""4"": 10, ""0"": 10, ""1"": 10, ""3"": 10}"
s0.25_ecm1_random_vc200_19,0.25,1,random,200,1724407099,500,1,,"{""1"": 404}","{""1"": ""valley""}","{""2"": 10, ""0"": 10, ""4"": 10, ""1"": 10, ""3"": 10}"
s0.5_ecm1_top_fitness_vc200_19,0.5,1,top_fitness,200,2546618964,500,1,,"{""1"": 379}","{""1"": ""in_situ""}","{""2"": 10, ""4"": 10, ""0"": 10, ""1"": 10, ""3"": 10}"
s0.5_ecm0_top_fitness_vc200_19,0.5,0,top_fitness,200,2458847033,500,1,,"{""1"": 406}","{""1"": ""valley""}","{""2"": 10, ""4"": 10, ""0"": 10, ""1"": 10, ""3"": 10}"
s0.5_ecm0_random_vc200_19,0.5,0,random,200,1526618281,500,1,,"{""1"": 474}","{""1"": ""valley""}","{""2"": 10, ""4"": 10, ""0"": 10, ""3"": 10, ""1"": 10}"
s1.5_ecm1_random_vc200_16,1.5,1,random,200,3123505086,500,1,,"{""1"": 330}","{""1"": ""in_situ""}","{""2"": 10, ""4"": 10, ""0"": 10, ""3"": 10, ""1"": 10}"
s1.0_ecm0_top_fitness_vc200_19,1.0,0,top_fitness,200,907523787,500,1,,"{""2"": 266}","{""2"": ""valley""}","{""2"": 10, ""0"": 10, ""3"": 10, ""1"": 10, ""4"": 10}"
s1.5_ecm1_top_fitness_vc200_18,1.5,1,top_fitness,200,1456117081,500,1,,"{""1"": 181}","{""1"": ""valley""}","{""2"": 10, ""0"": 10, ""4"": 10, ""1"": 10, ""3"": 10}"
s1.0_ecm0_random_vc200_19,1.0,0,random,200,248382553,500,0,,{},{},"{""2"": 10, ""4"": 10, ""0"": 10, ""1"": 10, ""3"": 10}"
s0.5_ecm1_random_vc200_19,0.5,1,random,200,2335454181,500,0,,{},{},"{""2"": 10, ""4"": 10, ""0"": 10, ""3"": 10, ""1"": 10}"
s1.5_ecm1_random_vc200_17,1.5,1,random,200,64280839,500,1,,"{""1"": 402}","{""1"": ""in_situ""}","{""2"": 10, ""4"": 10, ""0"": 10, ""1"": 10, ""3"": 10}"
s1.5_ecm0_top_fitness_vc200_19,1.5,0,top_fitness,200,1247870007,500,0,,{},{},"{""0"": 10, ""4"": 10, ""3"": 10, ""2"": 10, ""1"": 10}"
s1.0_ecm1_top_fitness_vc200_19,1.0,1,top_fitness,200,1632598783,500,1,,"{""1"": 269}","{""1"": ""in_situ""}","{""2"": 10, ""4"": 10, ""0"": 10, ""3"": 10, ""1"": 10}"
s1.0_ecm1_random_vc200_18,1.0,1,random,200,1916597202,500,1,,"{""1"": 189}","{""1"": ""in_situ""}","{""2"": 10, ""0"": 10, ""4"": 10, ""1"": 10, ""3"": 10}"
s1.5_ecm0_random_vc200_19,1.5,0,random,200,1120335225,500,0,,{},{},"{""2"": 10, ""4"": 10, ""1"": 10, ""0"": 10, ""3"": 10}"
s1.5_ecm1_top_fitness_vc200_19,1.5,1,top_fitness,200,1683798413,500,1,,"{""1"": 281}","{""1"": ""valley""}","{""2"": 10, ""0"": 10, ""4"": 10, ""3"": 10, ""1"": 10}"
s1.0_ecm1_random_vc200_19,1.0,1,random,200,2483625363,500,2,,"{""1"": 324, ""3"": 352}","{""1"": ""in_situ"", ""3"": ""in_situ""}","{""2"": 10, ""3"": 10, ""0"": 10, ""1"": 10, ""4"": 10}"
s1.5_ecm1_random_vc200_18,1.5,1,random,200,2081453282,500,1,,"{""1"": 478}","{""1"": ""in_situ""}","{""1"": 10, ""4"": 10, ""2"": 10, ""3"": 10, ""0"": 10}"
s1.5_ecm1_random_vc200_19,1.5,1,random,200,397037149,500,0,,{},{},"{""2"": 10, ""3"": 10, ""4"": 10, ""1"": 10, ""0"": 10}"
